2022-03-07,74.79,36680.0,-4.3,223.61,23610.0,-4.36
2022-03-04,78.15,39630.0,-1.71,233.8,29170.0,-4.65
2022-03-03,79.51,62060.0,-5.6,245.21,9960.0,-1.36
2022-03-02,84.23,37080.0,-3.07,248.6,12120.0,-1.26
2022-03-01,86.9,43310.0,-2.91,251.78,17650.0,0.87
2022-02-28,89.5,39620.0,0.17,249.6,11830.0,0.71
2022-02-25,89.35,46700.0,3.91,247.84,14600.0,1.22
2022-02-24,85.99,38820.0,-3.47,244.86,23820.0,-2.83
2022-02-23,89.08,46360.0,4.0,252.0,29110.0,6.13
2022-02-22,85.65,35990.0,-0.23,237.45,12550.0,-1.84
2022-02-21,85.85,26560.0,0.68,241.89,10950.0,-0.44
2022-02-18,85.27,36170.0,-4.01,242.96,9910.0,-1.0
2022-02-17,88.83,54870.0,3.15,245.41,19110.0,2.0
2022-02-16,86.12,23160.0,-1.76,240.6,12870.0,0.96
2022-02-15,87.66,33010.0,4.98,238.31,15850.0,2.73
2022-02-14,83.5,28720.0,-1.04,231.98,13320.0,0.78
2022-02-11,84.38,32570.0,-1.74,230.19,19940.0,-4.14
2022-02-10,85.87,37160.0,-5.93,240.12,14630.0,-2.06
2022-02-09,91.28,27320.0,2.1,245.18,19990.0,3.46
2022-02-08,89.4,34040.0,-5.2,236.97,19900.0,-3.04
2022-02-07,94.3,21180.0,1.1,244.4,25110.0,7.76
2022-01-28,93.27,20750.0,-2.13,226.8,32439.999999999996,-6.0
2022-01-27,95.3,18470.0,-3.76,241.27,13260.0,-3.29
2022-01-26,99.02,22440.0,1.28,249.49,17440.0,3.82
2022-01-25,97.77,18280.0,-2.22,240.31,17280.0,-4.41
2022-01-24,99.99,27250.0,2.76,251.4,10840.0,0.4
2022-01-21,97.3,23420.0,1.67,250.4,11240.0,-0.27
2022-01-20,95.7,33850.0,-3.31,251.07,15000.0,-0.75
2022-01-19,98.98,53300.0,-7.81,252.97,23190.0,-4.93
2022-01-18,107.37,25540.0,-2.11,266.08,12510.0,-0.15
2022-01-17,109.68,30070.0,-2.25,266.49,24110.0,5.27
2022-01-14,112.2,27530.0,4.33,253.14,14950.0,-0.85
2022-01-13,107.54,28420.0,-1.34,255.31,21710.0,-0.27
2022-01-12,109.0,43030.0,2.86,256.0,32360.0,7.07
2022-01-11,105.97,32770.0,2.19,239.09,21240.0,-2.93
2022-01-10,103.7,26420.0,-1.6,246.3,16210.0,-0.08
2022-01-07,105.39,25900.0,-0.2,246.5,16190.000000000002,-1.41
2022-01-06,105.6,25610.0,-1.77,250.02,17590.0,-1.28
2022-01-05,107.5,36870.0,-3.62,253.26,30170.0,-6.55
2022-01-04,111.54,37650.0,-5.62,271.0,24470.0,1.07
2021-12-31,118.18,21070.0,-0.13,268.12,11630.0,0.37
2021-12-30,118.33,19280.0,-1.71,267.13,11730.0,-0.7
2021-12-29,120.39,15610.0,-0.82,269.0,14160.0,-0.68
2021-12-28,121.39,18990.0,2.44,270.85,11850.0,1.43
2021-12-27,118.5,25950.0,2.34,267.03,10720.0,-1.1
2021-12-24,115.79,32549.999999999996,-5.83,270.0,21000.0,-3.57
2021-12-23,122.96,17380.0,-1.16,279.99,12300.0,0.28
2021-12-22,124.4,15790.0,0.89,279.22,14440.0,1.09
2021-12-21,123.3,15690.0,0.25,276.21,14970.0,2.11
2021-12-20,122.99,27970.0,-5.54,270.5,21780.0,-3.04
2021-12-17,130.21,18420.0,-3.55,278.98,15110.0,-2.52
2021-12-16,135.0,13290.0,2.27,286.2,27870.0,-2.44
2021-12-15,132.0,14920.0,-1.42,293.35,9820.0,-0.02
2021-12-14,133.9,17360.0,-2.57,293.4,15710.0,-1.68
2021-12-13,137.43,25910.0,0.15,298.4,14290.0,-1.0
2021-12-10,137.22,20070.0,1.29,301.42,14490.0,0.64
2021-12-09,135.47,18950.0,-1.28,299.5,11300.0,-0.43
2021-12-08,137.23,16400.0,1.68,300.79,15440.0,2.03
2021-12-07,134.96,31280.0,-3.57,294.8,22770.0,-2.3
2021-12-06,139.96,27230.0,-4.27,301.75,17880.0,-1.68
2021-12-03,146.2,16200.0,-0.27,306.9,21030.0,-0.62
2021-12-02,146.59,22810.0,2.65,308.8,18010.0,1.14
2021-12-01,142.8,19130.0,-2.35,305.32,10830.0,0.2
2021-11-30,146.24,24690.0,-1.19,304.7,13180.0,0.08
2021-11-29,148.0,28460.0,-0.5,304.46,20020.0,2.28
2021-11-26,148.75,24480.0,2.51,297.66,12250.0,-0.11
2021-11-25,145.11,25080.0,1.8,298.0,17100.0,-1.72
2021-11-24,142.55,41480.0,0.8,303.2,14190.0,-1.71
2021-11-23,141.42,37880.0,1.32,308.48,15040.0,-0.81
2021-11-22,139.58,51730.0,8.77,311.0,28700.0,4.78
2021-11-19,128.32,17860.0,1.04,296.82,17520.0,0.48
2021-11-18,127.0,24510.0,0.87,295.4,12910.0,-0.49
2021-11-17,125.9,20660.0,1.75,296.85,16340.0,1.14
2021-11-16,123.73,20800.0,-2.72,293.51,15180.0,-0.48
2021-11-15,127.19,24700.0,-3.34,294.94,22540.0,-3.86
2021-11-12,131.59,32280.0,-0.14,306.78,14890.0,-1.67
2021-11-11,131.78,26390.0,-1.27,311.99,13890.0,0.56
2021-11-10,133.48,35260.0,-0.85,310.26,27490.0,-3.25
2021-11-09,134.62,35920.0,2.36,320.69,20330.0,1.81
2021-11-08,131.51,70630.0,15.88,315.0,16980.0,0.32
2021-11-05,113.49,26680.0,-1.12,314.0,19420.0,-3.38
2021-11-04,114.77,26590.0,3.3,325.0,35000.0,7.26
2021-11-03,111.1,26180.0,-2.21,303.01,19720.0,-3.46
2021-11-02,113.61,32840.0,4.09,313.88,29010.0,3.93
2021-11-01,109.15,28960.0,-3.79,302.0,28480.0,-2.99
2021-10-29,113.45,31290.0,-0.04,311.31,34720.0,1.08
2021-10-28,113.5,37110.0,-2.58,307.98,29830.0,-4.28
2021-10-27,116.5,17720.0,0.0,321.74,21910.0,0.86
2021-10-26,116.5,24080.0,0.0,319.01,31320.0,0.52
2021-10-25,116.5,28920.0,3.43,317.35,33520.0,5.78
2021-10-22,112.64,22090.0,-0.21,300.0,33650.0,4.53
2021-10-21,112.88,23510.0,-1.0,287.01,18060.0,-1.24
2021-10-20,114.02,23630.0,0.64,290.6,21700.0,2.04
2021-10-19,113.3,29370.0,2.06,284.79,19390.0,-0.4
2021-10-18,111.01,26310.0,2.64,285.92,21620.0,0.91
2021-10-15,108.15,30410.0,1.73,283.33,28780.0,3.81
2021-10-14,106.31,26820.0,0.29,272.94,17780.0,0.64
2021-10-13,106.0,31110.0,5.46,271.2,32200.000000000004,5.52
2021-10-12,100.51,25490.0,-0.5,257.01,21170.0,0.49
2021-10-11,101.01,19940.0,0.35,255.75,21200.0,1.09
2021-10-08,100.66,30020.0,1.65,253.0,19410.0,1.4
2021-09-30,99.03,37690.0,5.52,249.51,22500.0,5.72
2021-09-29,93.85,26980.0,2.26,236.0,24560.0,-4.4
2021-09-28,91.78,22670.0,-2.18,246.86,16239.999999999998,-2.23
2021-09-27,93.83,48430.0,4.81,252.5,18000.0,0.29
2021-09-24,89.52,27790.0,-0.4,251.77,15830.0,0.74
2021-09-23,89.88,19840.0,0.5,249.92,14980.0,1.1
2021-09-22,89.43,20240.0,-1.54,247.2,16340.0,-3.1
2021-09-17,90.83,21600.0,0.58,255.12,13940.0,1.64
2021-09-16,90.31,30680.0,-3.26,251.0,22080.0,-3.89
2021-09-15,93.35,32299.999999999996,-3.37,261.15,21880.0,-3.0
2021-09-14,96.61,46220.0,4.33,269.23,35470.0,3.01
2021-09-13,92.6,55240.0,-5.52,261.36,21350.0,-1.6
2021-09-10,98.01,42180.0,-3.64,265.61,23880.0,-2.25
2021-09-09,101.71,30810.0,2.13,271.71,21630.0,0.79
2021-09-08,99.59,32759.999999999996,-0.91,269.59,18260.0,-2.3
2021-09-07,100.5,45030.0,5.46,275.95,20760.0,-0.59
2021-09-06,95.3,37740.0,5.95,277.6,39780.0,9.24
2021-09-03,89.95,46990.0,-4.81,254.11,28800.0,-4.83
2021-09-02,94.5,34430.0,-2.98,267.0,16520.0,0.26
2021-09-01,97.4,35640.0,-4.51,266.3,28770.0,-3.86
2021-08-31,102.0,37730.0,-2.86,277.0,32970.0,-1.76
2021-08-30,105.0,49010.0,2.8,281.97,41910.0,-2.14
2021-08-27,102.14,53340.0,5.97,288.15,26290.0,2.0
2021-08-26,96.39,43860.0,-5.59,282.5,26370.0,-4.63
2021-08-25,102.1,23460.0,0.93,296.2,17910.0,-0.69
2021-08-24,101.16,31870.0,0.96,298.25,27440.0,2.92
2021-08-23,100.2,33490.0,1.73,289.8,29580.0,1.65
2021-08-20,98.5,39270.0,-4.81,285.09,24720.0,-2.94
2021-08-19,103.48,27990.0,1.49,293.72,36170.0,3.55
2021-08-18,101.96,31530.0,-2.31,283.66,22170.0,1.2
2021-08-17,104.37,27240.0,-1.02,280.31,27210.0,-1.78
2021-08-16,105.45,40410.0,-5.0,285.4,30510.0,-4.87
2021-08-13,111.0,24900.0,-1.23,300.02,24690.0,-2.9
2021-08-12,112.38,19840.0,-0.93,308.98,38280.0,4.74
2021-08-11,113.44,31150.0,2.75,294.99,26400.0,1.02
2021-08-10,110.4,37720.0,-3.16,292.0,33100.0,-0.53
2021-08-09,114.0,38410.0,-5.92,293.55,34160.0,-3.27
2021-08-06,121.17,40440.0,4.12,303.48,45360.0,1.34
2021-08-05,116.38,40580.0,-2.59,299.46,36880.0,-2.8
2021-08-04,119.48,45050.0,8.47,308.09,53430.0,10.0
2021-08-03,110.15,31450.0,-3.38,280.08,48930.0,-3.81
2021-08-02,114.0,43160.0,1.34,291.18,62230.0,10.0
2021-07-30,112.49,39570.0,1.88,264.71,45800.0,2.92
2021-07-29,110.41,46250.0,5.43,257.2,42890.0,8.75
2021-07-28,104.72,38820.0,0.3,236.5,33220.0,-0.93
2021-07-27,104.41,69100.0,-13.06,238.71,37770.0,-3.96
2021-07-26,120.09,35860.0,-4.1,248.55,40440.0,-3.92
2021-07-23,125.23,33910.0,-0.61,258.68,46060.0,3.9
2021-07-22,126.0,28040.0,1.45,248.96,37480.0,3.2
2021-07-21,124.2,37020.0,4.82,241.23,47150.0,6.04
2021-07-20,118.49,17020.0,-0.79,227.5,24670.0,1.58
2021-07-19,119.43,26510.0,-1.74,223.97,37220.0,0.47
2021-07-16,121.55,26280.0,-4.29,222.92,56270.0,-5.7
2021-07-15,127.0,29090.0,3.0,236.4,55190.0,-3.62
2021-07-14,123.3,28300.0,-3.0,245.29,61270.0,-7.47
2021-07-13,127.11,37710.0,-1.46,265.1,27730.0,-0.52
2021-07-12,128.99,58100.0,9.7,266.48,56010.0,7.1
2021-07-09,117.58,35620.0,-0.69,248.82,36490.0,-1.25
2021-07-08,118.4,45590.0,2.9,251.96,39390.0,-1.23
2021-07-07,115.06,67270.0,13.3,255.09,38640.0,1.83
2021-07-06,101.55,41500.0,-0.86,250.5,51790.0,0.38
2021-07-05,102.43,34750.0,5.33,249.55,32490.000000000004,4.4
2021-07-02,97.25,38980.0,-5.58,239.04,37430.0,1.03
2021-07-01,103.0,24150.0,-0.89,236.6,42260.0,-5.74
2021-06-30,103.93,31190.0,0.41,251.0,28540.0,-0.91
2021-06-29,103.51,30150.0,-2.63,253.3,30630.0,-0.13
2021-06-28,106.31,31510.0,0.31,253.63,34730.0,3.53
2021-06-25,105.98,25610.0,3.02,244.99,29650.0,0.04
2021-06-24,102.87,19200.0,-1.89,244.89,31230.0,0.65
2021-06-23,104.85,28680.0,3.3,243.3,39450.0,2.28
2021-06-22,101.5,24170.0,-2.26,237.88,31640.0,-1.94
2021-06-21,103.85,38240.0,-1.52,242.58,43050.0,-0.99
2021-06-18,105.45,26840.0,4.2,245.0,57190.0,5.56
2021-06-17,101.2,27000.0,3.13,232.1,52000.0,10.0
2021-06-16,98.13,38800.0,-9.55,211.0,61820.0,-9.18
2021-06-15,108.49,23070.0,-0.25,232.32,51810.0,2.33
2021-06-11,108.76,44030.0,5.6,227.02,54010.0,6.03
2021-06-10,102.99,30050.0,4.02,214.11,44100.0,6.0
2021-06-09,99.01,20290.0,1.31,202.0,31660.0,-0.4
2021-06-08,97.73,24680.0,-1.41,202.81,55920.0,6.55
2021-06-07,99.13,39460.0,-4.65,190.35,25450.0,0.5
2021-06-04,103.96,48420.0,-1.12,189.4,31980.0,2.99
2021-06-03,105.14,17330.0,-1.84,183.9,25080.0,-1.39
2021-06-02,107.11,19060.0,-0.08,186.5,29430.0,-1.56
2021-06-01,107.2,26390.0,-3.47,189.46,51360.0,6.02
2021-05-31,111.05,32250.0,6.83,178.7,43760.0,-1.64
2021-05-28,103.95,40080.0,3.85,181.68,37120.0,2.38
2021-05-27,100.1,45730.0,-2.66,177.45,23400.0,0.73
2021-05-26,102.84,22770.0,-4.15,176.17,34560.0,-0.2
2021-05-25,107.29,28800.0,4.98,176.52,33150.0,1.76
2021-05-24,102.2,21540.0,1.47,173.47,27170.0,0.16
2021-05-21,100.72,29680.0,-3.41,173.2,33500.0,0.15
2021-05-20,104.28,21750.0,1.24,172.94,49990.0,0.09
2021-05-19,103.0,30060.0,1.78,172.78,59650.0,8.87
2021-05-18,101.2,29210.0,-0.69,158.7,19500.0,-0.68
2021-05-17,101.9,46880.0,5.51,159.78,36300.0,4.07
2021-05-14,96.58,46950.0,9.75,153.53,30030.0,3.05
2021-05-13,88.0,24300.0,1.91,148.99,21270.0,-3.08
2021-05-12,86.35,15290.0,-0.15,153.73,38470.0,4.89
2021-05-11,86.48,22470.0,-3.16,146.56,26960.0,-0.3
2021-05-10,89.3,25380.0,4.85,147.0,26070.0,2.12
2021-05-07,85.17,20770.0,-3.93,143.95,37800.0,-4.03
2021-05-06,88.65,26640.0,-0.02,150.0,42320.0,-5.4
2021-04-30,88.67,30640.0,3.74,158.57,35990.0,-2.69
2021-04-29,85.47,18850.0,-0.44,162.95,27590.0,-1.54
2021-04-28,85.85,26690.0,4.26,165.5,21840.0,0.34
2021-04-27,82.34,31130.0,-2.64,164.94,25560.0,-1.53
2021-04-26,84.57,31690.0,-1.2,167.5,31950.0,-1.03
2021-04-23,85.6,28520.0,1.61,169.25,22880.0,0.32
2021-04-22,84.24,31710.0,3.12,168.71,19750.0,0.07
2021-04-21,81.69,25240.0,1.99,168.59,23050.0,-1.55
2021-04-20,80.1,34160.0,-0.14,171.24,37570.0,-2.73
2021-04-19,80.21,40120.0,11.95,176.05,50740.0,6.5
2021-04-16,71.65,22470.0,-3.32,165.3,23460.0,-0.12
2021-04-15,74.11,17260.0,0.01,165.5,24990.0,-3.19
2021-04-14,74.1,30540.0,6.47,170.95,29850.0,4.23
2021-04-13,69.6,18720.0,1.02,164.01,15860.0,0.34
2021-04-12,68.9,24320.0,-3.35,163.46,20130.0,-1.96
2021-04-09,71.29,26690.0,-2.73,166.72,20500.0,-2.21
2021-04-08,73.29,22990.0,-0.7,170.48,16000.0,-0.3
2021-04-07,73.81,41250.0,-6.26,170.99,28170.0,-2.9
2021-04-06,78.74,11890.0,0.19,176.09,25590.0,0.13
2021-04-02,78.59,16430.0,0.63,175.87,34950.0,4.02
2021-04-01,78.1,25310.0,3.93,169.07,30000.0,2.77
2021-03-31,75.15,19370.0,0.6,164.51,27020.0,-2.66
2021-03-30,74.7,22220.0,1.67,169.0,33890.0,0.54
2021-03-29,73.47,28250.0,-2.21,168.1,23470.0,-1.69
2021-03-26,75.13,46470.0,8.65,170.99,32850.0,6.07
2021-03-25,69.15,24620.0,-0.87,161.2,25620.0,-0.95
2021-03-24,69.76,40070.0,0.19,162.74,24830.0,-3.69
2021-03-23,69.63,101260.0,-15.85,168.97,22660.0,-2.78
2021-03-22,82.75,23260.0,0.42,173.8,18570.0,1.55
2021-03-19,82.4,19600.0,-2.94,171.15,25820.0,-4.14
2021-03-18,84.9,24620.0,0.12,178.55,20110.0,0.94
2021-03-17,84.8,27540.0,3.67,176.88,21370.0,0.23
2021-03-16,81.8,27770.0,3.56,176.47,19710.0,1.27
2021-03-15,78.99,30700.0,-3.41,174.26,29560.0,-4.08
2021-03-12,81.78,46650.0,1.0,181.68,30180.0,-0.71
2021-03-11,80.97,28470.0,3.11,182.97,36780.0,3.26
2021-03-10,78.53,38030.0,5.84,177.19,43150.0,3.81
2021-03-09,74.2,36860.0,0.27,170.68,59920.0,-3.42
2021-03-08,74.0,42940.0,-10.26,176.73,59130.0,-10.0
2021-03-05,82.46,35250.0,2.33,196.37,32530.0,-1.07
2021-03-04,80.58,52730.0,-11.8,198.5,34680.0,-5.36
2021-03-03,91.36,20770.0,0.07,209.75,26310.0,-0.78
2021-03-02,91.3,27240.0,0.81,211.4,38790.0,0.24
2021-03-01,90.57,27830.0,5.93,210.9,44430.0,6.91
2021-02-26,85.5,25950.0,-3.62,197.27,50360.0,-5.73
2021-02-25,88.71,24200.0,0.24,209.25,36950.0,0.12
2021-02-24,88.5,37440.0,-5.35,208.99,67650.0,-7.12
2021-02-23,93.5,22550.0,-0.29,225.0,47650.0,-6.06
2021-02-22,93.77,36050.0,-3.83,239.52,42710.0,-6.93
2021-02-19,97.5,41400.0,-5.89,257.35,38260.0,-0.63
2021-02-18,103.6,53190.0,-6.67,258.99,47260.0,-2.98
2021-02-10,111.0,25360.0,5.21,266.95,41890.0,3.87
2021-02-09,105.5,28020.0,3.34,257.0,37500.0,2.72
2021-02-08,102.09,47150.0,-3.42,250.2,37250.0,0.48
2021-02-05,105.71,27700.0,-2.91,249.0,48060.0,-4.19
2021-02-04,108.88,22640.0,-2.89,259.9,31040.0,-1.18
2021-02-03,112.12,27920.0,0.29,263.0,38400.0,-1.68
2021-02-02,111.8,35210.0,8.72,267.5,47110.0,8.35
2021-02-01,102.83,32850.0,-3.45,246.89,26380.0,-0.04
2021-01-29,106.5,31040.0,-2.29,247.0,33600.0,1.08
2021-01-28,109.0,31620.0,-4.24,244.36,32650.0,-4.92
2021-01-27,113.83,33870.0,6.78,257.0,52140.0,1.09
2021-01-26,106.6,35560.0,0.66,254.22,39460.0,-2.22
2021-01-25,105.9,55220.0,-4.21,260.0,55940.0,7.03
2021-01-22,110.55,35090.0,4.68,242.92,42390.0,3.14
2021-01-21,105.61,27870.0,1.32,235.52,58570.0,6.09
2021-01-20,104.23,42360.0,13.91,222.0,38140.0,2.68
2021-01-19,91.5,21850.0,-2.76,216.2,27630.0,-2.48
2021-01-18,94.1,28480.0,2.28,221.69,26380.0,-1.56
2021-01-15,92.0,28870.0,3.25,225.2,37710.0,0.56
2021-01-14,89.1,34110.0,-0.93,223.95,44600.0,-6.41
2021-01-13,89.94,34160.0,-3.63,239.3,48030.0,0.97
2021-01-12,93.33,26710.0,3.99,236.99,43310.0,0.91
2021-01-11,89.75,47130.0,-7.82,234.86,53430.0,3.23
2021-01-08,97.36,35410.0,-1.76,227.51,42680.0,1.1
2021-01-07,99.1,34560.0,4.43,225.04,42860.0,4.04
2021-01-06,94.9,31290.0,-0.32,216.3,43470.0,-1.64
2021-01-05,95.2,41390.0,1.83,219.9,54530.0,6.36
2021-01-04,93.49,44490.0,14.71,206.76,58950.0,6.41
2020-12-31,81.5,24350.0,2.84,194.3,50510.0,4.46
2020-12-30,79.25,31260.0,5.11,186.0,51040.0,4.14
2020-12-29,75.4,31370.0,-4.8,178.6,36120.0,-4.96
2020-12-28,79.2,28180.0,1.6,187.93,30340.0,1.46
2020-12-25,77.95,28880.0,7.86,185.22,21130.0,1.21
2020-12-24,72.27,22640.0,-3.03,183.0,26050.0,-2.03
2020-12-23,74.53,32580.0,0.73,186.79,42710.0,1.52
2020-12-22,73.99,35740.0,-3.45,184.0,58680.0,-4.96
2020-12-21,76.63,38980.0,6.17,193.6,66780.0,10.0
2020-12-18,72.18,31310.0,4.28,176.0,48850.0,2.45
2020-12-17,69.22,23330.0,-0.86,171.79,18980.0,-0.05
2020-12-16,69.82,20830.0,-0.68,171.87,23820.0,-1.62
2020-12-15,70.3,36580.0,3.87,174.7,36220.0,2.64
2020-12-14,67.68,31110.0,5.17,170.2,30210.0,1.92
2020-12-11,64.35,25790.0,-2.53,167.0,35490.0,-1.49
2020-12-10,66.02,29910.0,-0.66,169.52,37040.0,-2.15
2020-12-09,66.46,44160.0,4.32,173.24,31570.0,-2.66
2020-12-08,63.71,38100.0,4.17,177.97,44570.0,1.53
2020-12-07,61.16,33870.0,-1.74,175.29,32220.0,2.0
2020-12-04,62.24,25260.0,0.13,171.86,39450.0,0.45
2020-12-03,62.16,24020.0,-0.03,171.09,36560.0,0.79
2020-12-02,62.18,48040.0,-5.93,169.75,49240.0,-3.99
2020-12-01,66.1,17730.0,2.48,176.81,40160.0,2.71
2020-11-30,64.5,21410.0,-1.96,172.15,37920.0,-1.12
2020-11-27,65.79,15280.0,0.05,174.1,39750.0,-0.98
2020-11-26,65.76,24110.0,-2.71,175.82,49650.0,-4.2
2020-11-25,67.59,17750.0,-0.12,183.53,47390.0,-0.36
2020-11-24,67.67,26370.0,-0.5,184.19,64680.00000000001,-0.01
2020-11-23,68.01,31610.0,3.99,184.2,60400.0,4.62
2020-11-20,65.4,31480.0,3.81,176.06,70750.0,8.93
2020-11-19,63.0,26030.0,2.77,161.62,47010.0,-3.22
2020-11-18,61.3,42890.0,-3.95,167.0,41700.0,0.0
2020-11-17,63.82,38660.0,-4.32,167.0,56840.0,-1.78
2020-11-16,66.7,37980.0,-1.04,170.02,54260.0,-3.34
2020-11-13,67.4,48820.0,5.92,175.9,60920.0,3.88
2020-11-12,63.63,25370.0,-0.42,169.33,58660.0,3.03
2020-11-11,63.9,45740.0,1.41,164.35,80570.0,-9.98
2020-11-10,63.01,40050.0,0.51,182.58,63530.0,-4.38
2020-11-09,62.69,45870.0,1.44,190.95,52500.0,0.27
2020-11-06,61.8,50090.0,0.68,190.44,80770.0,3.04
2020-11-05,61.38,67070.0,7.31,184.83,67410.0,10.0
2020-11-04,57.2,55370.0,6.32,168.03,46090.0,2.41
2020-11-03,53.8,21730.0,-0.19,164.08,66160.0,-2.32
2020-11-02,53.9,25610.0,1.26,167.98,52490.0,5.11
2020-10-30,53.23,32430.0,-0.6,159.81,67330.0,0.9
2020-10-29,53.55,65220.0,-6.38,158.38,63470.0,4.47
2020-10-28,57.2,29030.0,2.51,151.6,51800.0,8.07
2020-10-27,55.8,26180.0,2.72,140.28,29650.0,0.23
2020-10-26,54.32,18330.0,2.18,139.96,30980.0,0.93
2020-10-23,53.16,15870.0,-3.43,138.67,40100.0,-3.56
2020-10-22,55.05,13370.0,-0.04,143.79,43440.0,4.57
2020-10-21,55.07,20310.0,-1.61,137.5,38060.0,-1.79
2020-10-20,55.97,32290.0,5.13,140.0,54170.0,9.31
2020-10-19,53.24,21240.0,-3.06,128.08,22200.0,0.22
2020-10-16,54.92,36770.0,1.14,127.8,41350.0,-2.85
2020-10-15,54.3,18110.0,0.0,131.55,40290.0,0.8
2020-10-14,54.3,22410.0,-1.56,130.5,31050.0,0.94
2020-10-13,55.16,25940.0,0.8,129.29,46050.0,0.61
2020-10-12,54.72,48830.0,7.59,128.5,52810.0,6.77
2020-10-09,50.86,30940.0,2.75,120.35,55970.0,3.54
2020-09-30,49.5,16149.999999999998,-1.26,116.24,44420.0,7.74
2020-09-29,50.13,18920.0,1.11,107.89,27000.0,1.4
2020-09-28,49.58,14390.0,-0.76,106.4,21190.0,1.25
2020-09-25,49.96,34570.0,5.56,105.09,32439.999999999996,-1.23
2020-09-24,47.33,17160.0,-4.58,106.4,26610.0,-3.62
2020-09-23,49.6,19530.0,3.08,110.4,38140.0,3.4
2020-09-22,48.12,11990.0,-2.61,106.77,46290.0,0.95
2020-09-21,49.41,18060.0,0.02,105.77,58880.0,-8.42
2020-09-18,49.4,14560.0,-0.18,115.5,47380.0,-0.38
2020-09-17,49.49,25690.0,1.64,115.94,60240.0,10.0
2020-09-16,48.69,14390.0,-0.23,105.4,49380.0,4.05
2020-09-15,48.8,20550.0,0.91,101.3,57920.0,9.51
2020-09-14,48.36,27160.0,3.29,92.5,22380.0,1.43
2020-09-11,46.82,23270.0,4.53,91.2,20580.0,4.72
2020-09-10,44.79,23650.0,-0.64,87.09,21710.0,1.28
2020-09-09,45.08,28780.0,-2.99,85.99,26330.0,-5.51
2020-09-08,46.47,27200.0,-3.13,91.0,27910.0,-3.95
2020-09-07,47.97,31180.0,-4.82,94.74,41000.0,5.27
2020-09-04,50.4,24780.0,-2.78,90.0,22200.0,-2.8
2020-09-03,51.84,40230.0,2.94,92.59,22780.0,-1.81
2020-09-02,50.36,23090.0,1.25,94.3,39700.0,0.86
2020-09-01,49.74,28610.0,1.49,93.5,39460.0,10.0
2020-08-31,49.01,30000.0,-2.91,85.0,21530.0,-0.46
2020-08-28,50.48,21510.0,0.72,85.39,18650.0,-0.04
2020-08-27,50.12,31800.0,-0.61,85.42,25200.0,2.4
2020-08-26,50.43,45370.0,-6.4,83.42,32049.999999999996,2.68
2020-08-25,53.88,50640.0,2.36,81.24,14510.0,-0.25
2020-08-24,52.64,42920.0,6.09,81.44,17130.0,2.34
2020-08-21,49.62,25230.0,2.14,79.58,11190.0,1.31
2020-08-20,48.58,25010.0,-3.01,78.55,12270.0,-1.38
2020-08-19,50.09,24930.0,-4.7,79.65,18740.0,-3.08
2020-08-18,52.56,21880.0,-1.61,82.18,16160.0,-0.89
2020-08-17,53.42,35810.0,2.26,82.92,15100.0,1.21
2020-08-14,52.24,28040.0,3.67,81.93,12060.0,0.16
2020-08-13,50.39,22130.0,-1.14,81.8,13580.0,-0.22
2020-08-12,50.97,46880.0,-3.17,81.98,22100.0,1.21
2020-08-11,52.64,23590.0,-1.15,81.0,19420.0,-1.2
2020-08-10,53.25,26080.0,-1.97,81.98,33650.0,-3.98
2020-08-07,54.32,33820.0,-2.67,85.38,24600.0,-3.78
2020-08-06,55.81,36680.0,-4.37,88.73,20530.0,0.66
2020-08-05,58.36,22690.0,0.1,88.15,19020.0,-0.96
2020-08-04,58.3,37520.0,-3.44,89.0,38400.0,3.28
2020-08-03,60.38,34050.0,0.3,86.17,28030.0,0.91
2020-07-31,60.2,52250.0,4.13,85.39,25810.0,0.46
2020-07-30,57.81,32580.0,-0.52,85.0,22450.0,-2.22
2020-07-29,58.11,32140.0,2.4,86.93,28800.0,3.6
2020-07-28,56.75,29840.0,3.05,83.91,21640.0,0.47
2020-07-27,55.07,38210.0,-1.8,83.52,20880.0,0.63
2020-07-24,56.08,62260.0,-5.17,83.0,38820.0,-6.73
2020-07-23,59.14,73550.0,4.67,88.99,32729.999999999996,2.06
2020-07-22,56.5,63120.0,5.77,87.19,26950.0,-1.02
2020-07-21,53.42,38700.0,1.79,88.09,31720.0,1.06
2020-07-20,52.48,40310.0,0.98,87.17,43170.0,6.84
2020-07-17,51.97,38690.0,0.39,81.59,43100.0,-4.07
2020-07-16,51.77,57710.0,-2.72,85.05,56050.0,-10.0
2020-07-15,53.22,62580.0,-1.28,94.5,38870.0,-2.12
2020-07-14,53.91,79850.0,-7.26,96.55,53640.0,-1.38
2020-07-13,58.13,63990.0,2.58,97.9,57990.0,10.0
2020-07-10,56.67,92330.0,-5.55,89.0,39600.0,5.38
2020-07-09,60.0,62880.0,7.76,84.46,32800.0,2.07
2020-07-08,55.68,65550.0,3.9,82.75,31920.0,-0.3
2020-07-07,53.59,50030.0,10.0,83.0,46670.0,2.6
2020-07-06,48.72,55960.0,3.4,80.9,46120.0,1.95
2020-07-03,47.12,33300.0,2.08,79.35,45540.0,9.99
2020-07-02,46.16,40880.0,-2.51,72.14,21410.0,-0.46
2020-07-01,47.35,33560.0,-1.04,72.47,23510.0,0.93
2020-06-30,47.85,28790.0,0.63,71.8,16980.0,1.7
2020-06-29,47.55,46710.0,7.14,70.6,17340.0,-1.53
2020-06-24,44.38,20700.0,-0.94,71.7,19670.0,0.94
2020-06-23,44.8,27040.0,0.74,71.03,26040.0,4.46
2020-06-22,44.47,30230.0,1.53,68.0,19630.0,1.51
2020-06-19,43.8,47770.0,3.03,66.99,22060.0,0.37
2020-06-18,42.51,23780.0,0.45,66.74,27900.0,4.1
2020-06-17,42.32,27150.0,-1.42,64.11,14440.0,0.02
2020-06-16,42.93,32049.999999999996,1.51,64.1,21410.0,2.56
2020-06-15,42.29,35990.0,1.15,62.5,19570.0,1.66
2020-06-12,41.81,50630.0,-1.04,61.48,17550.0,-2.16
2020-06-11,42.25,54550.0,0.72,62.84,28020.0,2.93
2020-06-10,41.95,54290.0,7.98,61.05,18620.0,-1.5
2020-06-09,38.85,26550.0,0.15,61.98,20440.0,-1.29
2020-06-08,38.79,29830.0,0.48,62.79,17240.0,-0.65
2020-06-05,38.61,28750.0,2.23,63.2,26550.0,5.14
2020-06-04,37.77,31660.0,3.83,60.11,10570.0,0.3
2020-06-03,36.37,36450.0,0.36,59.93,14640.0,-1.75
2020-06-02,36.24,35390.0,1.23,61.0,20480.0,2.81
2020-06-01,35.8,43750.0,4.81,59.33,16110.0,3.34
2020-05-29,34.16,31450.0,1.69,57.41,6800.0,-0.12
2020-05-28,33.59,22160.0,1.64,57.48,8630.0,0.31
2020-05-27,33.05,38140.0,-0.36,57.3,11360.0,-1.72
2020-05-26,33.17,27450.0,2.55,58.3,9850.0,3.15
2020-05-25,32.34,25550.0,1.44,56.52,5970.0,0.87
2020-05-22,31.89,26440.0,-0.31,56.03,9230.0,-1.96
2020-05-21,31.99,55310.0,-6.09,57.15,12100.0,-3.15
2020-05-20,34.06,57450.0,3.01,59.01,16470.0,1.36
2020-05-19,33.06,25480.0,1.6,58.22,9400.0,1.82
2020-05-18,32.54,41520.0,-6.61,57.18,10470.0,-1.35
2020-05-15,34.85,24850.0,0.79,57.96,10280.0,0.47
2020-05-14,34.57,25500.0,-3.57,57.69,11840.0,-2.2
2020-05-13,35.85,18950.0,-0.94,58.99,11110.0,-0.24
2020-05-12,36.19,24060.0,2.59,59.13,10400.0,0.42
2020-05-11,35.28,22980.0,-0.92,58.88,19070.0,-1.51
2020-05-08,35.6,33520.0,-0.7,59.78,17150.0,-0.52
2020-05-07,35.86,29970.0,-2.1,60.09,22510.0,-3.36
2020-05-06,36.63,44230.0,3.14,62.18,23190.0,3.7
2020-04-30,35.51,41890.0,5.75,59.96,21890.0,3.38
2020-04-29,33.58,22020.0,-1.12,58.0,16510.0,1.79
2020-04-28,33.96,38740.0,4.11,56.98,12870.0,0.0
2020-04-27,32.62,17950.0,-1.29,56.98,13830.0,-2.98
2020-04-24,33.04,26260.0,-0.3,58.73,13590.0,0.82
2020-04-23,33.14,31120.0,-1.47,58.25,11600.0,-1.99
2020-04-22,33.64,25950.0,1.69,59.43,12150.0,0.1
2020-04-21,33.08,43820.0,-4.77,59.37,14710.0,0.87
2020-04-20,34.74,47290.0,4.53,58.86,10750.0,0.1
2020-04-17,33.23,53520.0,4.62,58.8,15650.0,-2.02
2020-04-16,31.76,24710.0,2.03,60.01,16530.0,-0.22
2020-04-15,31.13,32500.0,-2.92,60.14,30620.0,3.83
2020-04-14,32.07,46330.0,7.34,57.92,23390.0,3.8
2020-04-13,29.88,35900.0,-3.76,55.8,10260.0,2.25
2020-04-10,31.04,40630.0,-5.95,54.57,13190.0,-1.94
2020-04-09,33.01,25770.0,-0.49,55.65,13330.0,0.6
2020-04-08,33.17,27900.0,-0.33,55.32,12950.0,-1.76
2020-04-07,33.28,35710.0,3.08,56.31,18910.0,2.38
2020-04-03,32.29,33470.0,-0.76,55.0,16920.0,-2.81
2020-04-02,32.53,50330.0,5.89,56.59,23380.0,-0.93
2020-04-01,30.72,56250.0,0.5,57.12,36560.0,-4.75
2020-03-31,30.57,54550.0,3.68,59.97,35020.0,6.65
2020-03-30,29.49,57520.0,1.69,56.23,32890.0,2.65
2020-03-27,29.0,43080.0,-0.31,54.78,23000.0,0.94
2020-03-26,29.09,58750.0,-4.98,54.27,29660.0,3.87
2020-03-25,30.61,79860.0,10.0,52.25,28980.0,5.07
2020-03-24,27.83,68570.0,-0.71,49.73,20500.0,3.28
2020-03-23,28.03,50420.0,-10.0,48.15,24270.0,-8.32
2020-03-20,31.14,37340.0,0.42,52.52,14830.0,2.26
2020-03-19,31.01,44730.0,1.32,51.36,19450.0,-1.4
2020-03-18,30.61,44950.0,-1.52,52.09,17270.0,-1.79
2020-03-17,31.08,47030.0,-1.52,53.04,18090.0,-1.56
2020-03-16,31.56,69160.0,-10.01,53.88,23880.0,-3.2
2020-03-13,35.07,38030.0,-1.65,55.66,21320.0,-2.4
2020-03-12,35.66,42260.0,-3.83,57.03,23240.0,-2.93
2020-03-11,37.08,44420.0,-2.11,58.75,22220.0,-2.36
2020-03-10,37.88,58740.0,6.65,60.17,26680.0,1.21
2020-03-09,35.52,40850.0,-5.08,59.45,29250.0,-9.04
2020-03-06,37.41,39350.0,0.75,65.36,14720.0,-2.17
2020-03-05,37.14,43200.0,-0.25,66.81,17000.0,0.35
2020-03-04,37.23,49480.0,1.16,66.58,18090.0,-1.9
2020-03-03,36.8,53360.0,0.95,67.87,27430.0,1.53
2020-03-02,36.46,54740.0,4.13,66.85,22560.0,2.26
2020-02-28,35.01,73840.0,-8.4,65.37,33830.0,-6.68
2020-02-27,38.22,64230.00000000001,-2.34,70.05,27270.0,-2.3
2020-02-26,39.13,90760.0,-9.99,71.7,52280.0,1.2
2020-02-25,43.48,86930.0,6.63,70.85,40740.0,7.02
2020-02-24,40.78,71200.0,-3.91,66.2,35800.0,-1.93
2020-02-21,42.43,53890.0,1.91,67.5,45520.0,-0.88
2020-02-20,41.64,49120.0,0.39,68.1,64940.0,10.0
2020-02-19,41.48,62730.0,-0.27,61.91,43750.0,4.1
2020-02-18,41.59,70850.0,2.62,59.47,22840.0,1.69
2020-02-17,40.52,54040.0,10.0,58.48,20990.0,2.78
2020-02-14,36.84,40430.0,0.19,56.9,21120.0,-1.13
2020-02-13,36.77,53320.0,0.07,57.55,23690.0,-2.77
2020-02-12,36.75,53190.0,5.71,59.19,19750.0,0.25
2020-02-11,34.76,40880.0,-0.33,59.04,19620.0,-3.1
2020-02-10,34.88,55130.0,8.65,60.93,35280.0,5.23
2020-02-07,32.1,39300.0,-2.43,57.9,32130.000000000004,-4.69
2020-02-06,32.9,66060.0,5.37,60.75,30110.0,-0.1
2020-02-05,31.22,68630.0,0.29,60.81,44620.0,7.9
2020-02-04,31.13,59880.0,9.05,56.36,36780.0,4.66
2020-02-03,28.55,70550.0,-10.0,53.85,10040.0,-9.99
2020-01-23,31.72,48880.0,-3.83,59.83,29160.0,0.94
2020-01-22,32.98,61120.0,4.85,59.27,32800.0,4.5
2020-01-21,31.46,38400.0,-0.81,56.72,20380.0,-3.47
2020-01-20,31.72,77450.0,9.86,58.76,30080.0,1.4
2020-01-17,28.87,33790.0,-0.54,57.95,53060.0,7.14
2020-01-16,29.03,29880.0,0.73,54.09,33570.0,1.46
2020-01-15,28.82,36840.0,-1.12,53.31,29870.0,-0.24
2020-01-14,29.14,53500.0,1.02,53.44,61500.0,3.55
2020-01-13,28.85,45060.0,1.84,51.61,51880.0,10.0
2020-01-10,28.33,60780.0,3.64,46.92,10930.0,-1.53
2020-01-09,27.33,53180.0,2.71,47.65,8920.0,0.78
2020-01-08,26.61,42040.0,-1.65,47.28,11100.0,-1.6
2020-01-07,27.06,55890.0,-0.89,48.05,9340.0,-0.48
2020-01-06,27.3,90110.0,7.92,48.28,16990.0,0.5
2020-01-03,25.3,77820.0,-4.68,48.04,12990.0,-0.27
2020-01-02,26.54,43420.0,0.58,48.17,15930.0,1.05
2019-12-31,26.39,43250.0,1.68,47.67,13220.0,0.06
2019-12-30,25.95,45740.0,1.61,47.64,19650.0,3.57
2019-12-27,25.54,91310.0,-6.38,46.0,10960.0,-0.88
2019-12-26,27.28,45620.0,-0.48,46.41,11030.0,-0.94
2019-12-25,27.41,76090.0,-3.94,46.85,19180.0,0.15
2019-12-24,28.54,56030.0,2.36,46.78,15660.0,2.72
2019-12-23,27.88,36790.0,0.0,45.54,13280.0,-2.32
2019-12-20,27.88,46030.0,-2.38,46.62,28980.0,3.67
2019-12-19,28.56,37830.0,0.3,44.97,10120.0,0.6
2019-12-18,28.48,63700.0,-3.92,44.7,11320.0,-0.75
2019-12-17,29.64,55690.0,0.55,45.04,19050.0,2.06
2019-12-16,29.48,80370.0,6.66,44.13,12530.0,1.75
2019-12-13,27.63,82190.0,10.01,43.37,14160.0,-0.25
2019-12-12,25.12,38970.0,1.79,43.48,8090.0,-1.45
2019-12-11,24.68,69140.0,-5.94,44.12,8890.0,1.59
2019-12-10,26.24,28810.0,-0.26,43.43,4220.0,0.12
2019-12-09,26.3,41570.0,0.85,43.38,5830.0,-0.75
2019-12-06,26.08,41490.0,3.14,43.71,6810.0,-0.75
2019-12-05,25.29,53630.0,-0.99,44.04,6290.0,-0.2
2019-12-04,25.54,43410.0,0.68,44.13,6900.0,0.78
2019-12-03,25.37,63600.0,6.68,43.79,4700.0,1.48
2019-12-02,23.78,33150.0,0.94,43.15,4330.0,-0.55
2019-11-29,23.56,44220.0,-0.69,43.39,4410.0,0.49
2019-11-28,23.72,64769.99999999999,-0.49,43.18,4810.0,-1.64
2019-11-27,23.84,71080.0,0.38,43.9,4830.0,-1.57
2019-11-26,23.75,80890.0,7.91,44.6,9960.0,-0.6
2019-11-25,22.01,43860.0,0.84,44.87,12170.0,2.4
2019-11-22,21.82,59390.0,-1.24,43.82,7030.0,0.46
2019-11-21,22.1,43300.0,-0.28,43.62,5700.0,1.21
2019-11-20,22.16,65459.99999999999,4.52,43.1,3940.0,-1.46
2019-11-19,21.2,49960.0,3.33,43.74,5350.0,2.12
2019-11-18,20.52,35520.0,-1.76,42.83,5370.0,-0.67
2019-11-15,20.89,41980.0,0.74,43.12,4610.0,-0.92
2019-11-14,20.73,40480.0,-0.13,43.52,4040.0,0.55
2019-11-13,20.76,49180.0,3.62,43.28,5800.0,-1.86
2019-11-12,20.03,53760.0,-2.68,44.1,4460.0,0.34
2019-11-11,20.59,52640.0,0.18,43.95,6170.0,-2.07
2019-11-08,20.55,53020.0,-0.23,44.88,9140.0,0.45
2019-11-07,20.6,77070.0,-2.49,44.68,9680.0,0.84
2019-11-06,21.12,101480.0,-0.57,44.31,9670.0,0.82
2019-11-05,21.24,118880.0,10.0,43.95,7700.0,1.2
2019-11-04,19.31,100510.0,-4.15,43.43,5410.0,-0.32
2019-11-01,20.15,57590.0,3.77,43.57,6730.0,1.68
2019-10-31,19.42,88680.0,-1.23,42.85,11070.0,-2.53
2019-10-30,19.66,80300.0,3.78,43.96,17240.0,-6.77
2019-10-29,18.94,92100.0,2.33,47.15,5510.0,-0.32
2019-10-28,18.51,70910.0,2.18,47.3,5260.0,0.55
2019-10-25,18.12,51600.0,3.86,47.04,3710.0,0.81
2019-10-24,17.44,30980.0,0.39,46.66,3160.0,0.13
2019-10-23,17.38,40990.0,-0.51,46.6,3040.0,-0.43
2019-10-22,17.47,26010.0,0.36,46.8,3320.0,0.49
2019-10-21,17.4,32390.0,0.36,46.57,5280.0,-0.7
2019-10-18,17.34,60580.0,-4.57,46.9,7500.0,-1.3
2019-10-17,18.17,49850.0,-1.46,47.52,3850.0,0.0
2019-10-16,18.44,87400.0,3.09,47.52,7150.0,-1.0
2019-10-15,17.89,65560.0,2.16,48.0,7660.0,-1.74
2019-10-14,17.51,70320.0,-0.33,48.85,8390.0,0.87
2019-10-11,17.57,83970.0,-3.44,48.43,7570.0,-1.16
2019-10-10,18.19,115050.0,5.11,49.0,6260.0,1.89
2019-10-09,17.31,102730.0,10.0,48.09,5050.0,-0.68
2019-10-08,15.73,39430.0,-1.58,48.42,4860.0,-0.74
2019-09-30,15.99,41290.0,-3.37,48.78,4910.0,0.41
2019-09-27,16.55,63140.0,0.7,48.58,4070.0000000000005,0.19
2019-09-26,16.43,90260.0,1.17,48.49,6950.0,-1.12
2019-09-25,16.24,80870.0,-3.23,49.04,8080.0,-1.66
2019-09-24,16.78,122880.0,1.59,49.87,7980.0,1.4
2019-09-23,16.52,84850.0,-10.0,49.18,9590.0,-1.78
2019-09-20,18.35,108050.0,-4.54,50.07,6880.0,-0.24
2019-09-19,19.23,51180.0,0.69,50.19,6170.0,0.3
2019-09-18,19.1,88410.0,-5.49,50.04,5330.0,0.14
2019-09-17,20.21,49580.0,0.79,49.97,10560.0,-2.33
2019-09-16,20.05,94850.0,-2.78,51.16,8380.0,0.73
2019-09-12,20.62,55960.0,-9.99,50.79,9910.0,-0.63
2019-09-11,22.91,37210.0,1.28,51.11,11640.0,-0.08
2019-09-10,22.62,31560.0,-1.94,51.15,12840.0,-0.83
2019-09-09,23.07,57460.0,7.48,51.58,19480.0,2.16
2019-09-06,21.46,31660.0,0.12,50.49,14660.0,0.7
2019-09-05,21.44,55180.0,-3.23,50.14,17490.0,1.56
2019-09-04,22.15,42200.0,1.01,49.37,10700.0,-0.24
2019-09-03,21.93,68380.0,5.3,49.49,9570.0,-0.46
2019-09-02,20.83,30690.0,10.0,49.72,11830.0,0.55
2019-08-30,18.93,31500.0,1.52,49.45,10180.0,0.71
2019-08-29,18.65,21660.0,2.16,49.1,9740.0,-1.43
2019-08-28,18.25,27480.0,-1.87,49.81,17650.0,0.55
2019-08-27,18.6,33300.0,-0.39,49.54,14480.0,1.04
2019-08-26,18.68,41850.0,1.43,49.03,14230.0,0.29
2019-08-23,18.41,54150.0,4.01,48.89,24700.0,-2.63
2019-08-22,17.7,35760.0,2.25,50.21,21110.0,-2.73
2019-08-21,17.31,37740.0,1.95,51.62,8570.0,0.37
2019-08-20,16.98,75400.0,-5.56,51.43,8800.0,-1.29
2019-08-19,17.98,58280.0,0.74,52.1,10680.0,2.02
2019-08-16,17.85,76090.0,7.03,51.07,9030.0,1.92
2019-08-15,16.68,26820.0,0.25,50.11,6640.0,-0.36
2019-08-14,16.63,38700.0,3.94,50.29,9270.0,1.6
2019-08-13,16.0,25060.0,1.16,49.5,13530.0,-3.32
2019-08-12,15.82,17010.0,1.69,51.2,9070.0,0.41
2019-08-09,15.56,23970.0,0.17,50.99,8580.0,0.26
2019-08-08,15.53,17150.0,1.27,50.86,7150.0,0.12
2019-08-07,15.34,18850.0,-1.82,50.8,7110.0,-1.11
2019-08-06,15.62,39320.0,1.33,51.37,10840.0,-1.93
2019-08-05,15.41,24490.0,-2.2,52.38,10460.0,-3.7
2019-08-02,15.76,44490.0,-3.73,54.39,8420.0,-2.4
2019-08-01,16.37,27960.0,-1.36,55.73,8870.0,-0.39
2019-07-31,16.6,40540.0,-3.4,55.95,8970.0,-1.98
2019-07-30,17.18,60340.0,7.61,57.08,7550.0,-0.24
2019-07-29,15.97,21910.0,-0.82,57.22,6340.0,-0.35
2019-07-26,16.1,21630.0,-0.94,57.42,10590.0,1.09
2019-07-25,16.25,47790.0,-0.87,56.8,6900.0,0.82
2019-07-24,16.39,33430.0,0.1,56.34,10610.0,0.02
2019-07-23,16.38,42320.0,3.91,56.33,14110.0,2.6
2019-07-22,15.76,30970.0,-2.85,54.9,11530.0,1.8
2019-07-19,16.22,28440.0,0.29,53.93,6010.0,0.9
2019-07-18,16.18,13940.0,-1.16,53.45,8960.0,-2.2
2019-07-17,16.37,20160.0,0.35,54.65,6210.0,-0.24
2019-07-16,16.31,30340.0,-2.27,54.78,5390.0,-1.03
2019-07-15,16.69,32650.0,-0.41,55.35,12220.0,2.01
2019-07-12,16.76,35950.0,2.91,54.26,10380.0,1.9
2019-07-11,16.28,21980.0,0.16,53.25,9230.0,-1.21
2019-07-10,16.26,29510.0,-2.59,53.9,11980.0,-1.8
2019-07-09,16.69,35220.0,2.16,54.89,18110.0,4.91
2019-07-08,16.33,40650.0,-2.17,52.32,9730.0,-1.76
2019-07-05,16.7,41060.0,1.41,53.26,8250.0,0.04
2019-07-04,16.47,44190.0,-1.73,53.24,8150.0,-0.3
2019-07-03,16.76,29460.0,-1.36,53.4,11870.0,0.41
2019-07-02,16.99,44300.0,0.31,53.18,15860.0,2.45
2019-07-01,16.93,56960.0,5.68,51.91,11440.0,2.35
2019-06-28,16.02,37050.0,0.0,50.72,5520.0,0.36
2019-06-27,16.02,67490.0,4.14,50.54,8119.999999999999,1.02
2019-06-26,15.39,74210.0,8.05,50.03,5710.0,0.26
2019-06-25,14.24,43820.0,3.84,49.9,7870.0,-1.69
2019-06-24,13.71,26430.0,-1.99,50.76,6540.0,0.42
2019-06-21,13.99,43210.0,1.64,50.55,10650.0,0.52
2019-06-20,13.77,38900.0,3.85,50.29,12120.0,1.39
2019-06-19,13.26,31890.0,2.48,49.6,9250.0,0.81
2019-06-18,12.94,10060.0,-0.53,49.2,5470.0,0.2
2019-06-17,13.0,23940.0,2.02,49.1,5300.0,-0.51
2019-06-14,12.75,34930.0,-6.09,49.35,6260.0,-1.73
2019-06-13,13.57,30690.0,2.99,50.22,6810.0,-1.04
2019-06-12,13.18,30510.0,0.76,50.75,9380.0,-1.55
2019-06-11,13.08,33010.0,3.63,51.55,11970.0,1.28
2019-06-10,12.62,29220.0,3.49,50.9,13110.0,3.1
2019-06-06,12.19,26770.0,-4.49,49.37,10630.0,0.96
2019-06-05,12.77,17690.0,-0.45,48.9,6730.0,0.8
2019-06-04,12.83,15830.0,0.62,48.51,4930.0,-0.57
2019-06-03,12.75,25360.0,-2.26,48.79,5400.0,1.12
2019-05-31,13.04,18510.0,-1.04,48.25,5360.0,-0.25
2019-05-30,13.18,25860.0,0.76,48.37,5540.0,-2.48
2019-05-29,13.08,22460.0,0.69,49.6,5670.0,-1.78
2019-05-28,12.99,32520.000000000004,-2.26,50.5,12250.0,3.46
2019-05-27,13.29,61050.0,8.65,48.81,7960.0,0.41
2019-05-24,12.23,44820.0,-1.69,48.61,9380.0,2.14
2019-05-23,12.44,44380.0,-5.44,47.59,10710.0,-2.74
2019-05-22,13.16,22480.0,-2.53,48.93,5260.0,-0.95
2019-05-21,13.5,35950.0,1.02,49.4,5990.0,0.82
2019-05-20,13.36,38230.0,-2.87,49.0,7830.0,-2.43
2019-05-17,13.76,34130.0,-4.84,50.22,6750.0,-2.43
2019-05-16,14.46,32520.000000000004,0.18,51.47,5840.0,0.35
2019-05-15,14.43,43040.0,5.78,51.29,6800.0,2.19
2019-05-14,13.64,27380.0,-1.03,50.19,6300.0,-1.63
2019-05-13,13.78,29320.0,-1.09,51.02,6500.0,-2.37
2019-05-10,13.94,54860.0,10.01,52.26,9050.0,2.25
2019-05-09,12.67,26810.0,-2.63,51.11,7430.0,-1.43
2019-05-08,13.01,32870.0,-4.37,51.85,9810.0,-2.19
2019-05-07,13.6,43350.0,7.57,53.01,8570.0,1.84
2019-05-06,12.65,44610.0,-50.85,52.05,13550.0,-8.52
2019-05-03,25.73,,0.0,56.9,,0.0
2019-05-01,25.73,,90.09,56.9,,0.0
2019-04-30,13.54,28970.0,-2.72,56.9,7930.0,2.25
2019-04-29,13.91,35040.0,-2.72,55.65,10510.0,0.52
2019-04-26,14.3,18810.0,0.7,55.36,8210.0,-1.42
2019-04-25,14.2,23180.0,-3.57,56.16,9290.0,-3.42
2019-04-24,14.73,29570.0,0.72,58.15,11290.0,2.09
2019-04-23,14.62,20600.0,-0.93,56.96,9970.0,-1.3
2019-04-22,14.76,24990.0,-1.92,57.71,15250.0,-4.02
2019-04-19,15.05,27290.0,0.1,60.13,17440.0,1.37
2019-04-18,15.04,31450.0,-3.12,59.32,31470.0,-4.94
2019-04-17,15.52,66150.0,7.59,62.4,49170.0,9.99
2019-04-16,14.42,39520.0,3.12,56.73,21010.0,5.96
2019-04-15,13.99,45710.0,-4.08,53.54,10020.0,-1.02
2019-04-12,14.58,36070.0,-2.7,54.09,8950.0,-1.53
2019-04-11,14.99,53990.0,-2.23,54.93,18390.0,-1.06
2019-04-10,15.33,89070.0,10.0,55.52,17650.0,1.07
2019-04-09,13.94,40930.0,0.72,54.93,13300.0,2.79
2019-04-08,13.84,76720.0,-6.44,53.44,16560.0,-3.17
2019-04-04,14.79,44800.0,-0.81,55.19,14770.0,1.47
2019-04-03,14.91,48710.0,-0.77,54.39,10170.0,-0.53
2019-04-02,15.02,88850.0,6.49,54.68,12840.0,0.42
2019-04-01,14.11,80540.0,10.01,54.45,16070.0,1.79
2019-03-29,12.83,60930.0,8.55,53.49,12840.0,1.36
2019-03-28,11.82,30670.0,-1.62,52.77,16790.0,-3.55
2019-03-27,12.01,33880.0,1.11,54.71,14750.0,-0.98
2019-03-26,11.88,68840.0,-4.32,55.25,10550.0,-2.21
2019-03-25,12.42,41030.0,-2.88,56.5,12460.0,-0.88
2019-03-22,12.78,32100.0,0.41,57.0,17300.0,3.54
2019-03-21,12.73,50500.0,2.41,55.05,10900.0,-0.63
2019-03-20,12.43,40620.0,-1.54,55.4,12270.0,-1.05
2019-03-19,12.63,33870.0,-2.32,55.99,12410.0,0.59
2019-03-18,12.93,63070.0,0.41,55.66,15460.0,0.49
2019-03-15,12.87,48150.0,-0.85,55.39,25540.0,1.5
2019-03-14,12.98,80830.0,-5.26,54.57,35040.0,4.94
2019-03-13,13.7,69890.0,2.36,52.0,12720.0,0.02
2019-03-12,13.39,70220.0,1.8,51.99,13860.0,-0.73
2019-03-11,13.15,72160.0,9.65,52.37,12620.0,2.45
2019-03-08,11.99,57940.0,-2.06,51.12,18530.0,-4.23
2019-03-07,12.25,71120.0,4.02,53.38,18280.0,-1.95
2019-03-06,11.77,45210.0,0.04,54.44,22050.0,0.67
2019-03-05,11.77,45280.0,1.5,54.08,19630.0,0.75
2019-03-04,11.59,65170.0,-0.72,53.68,30230.0,-0.22
2019-03-01,11.68,73780.0,8.93,53.8,17460.0,-1.3
2019-02-28,10.72,37950.0,2.77,54.51,9420.0,-0.82
2019-02-27,10.43,48150.0,-3.74,54.96,22850.0,-3.14
2019-02-26,10.84,68500.0,2.03,56.74,29200.0,3.05
2019-02-25,10.62,70900.0,7.11,55.06,25840.0,6.13
2019-02-22,9.92,31030.0,0.21,51.88,11970.0,-0.12
2019-02-21,9.9,42300.0,0.32,51.94,12610.0,-0.8
2019-02-20,9.86,30660.0,0.48,52.36,12500.0,1.2
2019-02-19,9.82,36750.0,-1.84,51.74,14440.0,-1.35
2019-02-18,10.0,34950.0,2.87,52.45,16820.0,1.51
2019-02-15,9.72,38250.0,-3.45,51.67,15290.0,-3.82
2019-02-14,10.07,43710.0,1.92,53.72,16910.0,4.17
2019-02-13,9.88,34860.0,-0.58,51.57,12300.0,1.96
2019-02-12,9.94,28040.0,0.0,50.58,10300.0,0.76
2019-02-11,9.94,42760.0,3.56,50.2,12890.0,4.0
2019-02-01,9.6,41510.0,5.49,48.27,9180.0,3.99
2019-01-31,9.1,31350.0,-0.75,46.42,7190.0,-1.55
2019-01-30,9.16,22530.0,-1.64,47.15,8340.0,-1.77
2019-01-29,9.32,36210.0,0.23,48.0,6150.0,-0.95
2019-01-28,9.3,38300.0,-0.56,48.46,8630.0,-1.46
2019-01-25,9.35,70230.0,5.09,49.18,10090.0,1.36
2019-01-24,8.9,55900.0,3.11,48.52,7170.0,-0.57
2019-01-23,8.63,27980.0,0.92,48.8,9660.0,2.31
2019-01-22,8.55,34300.0,0.06,47.7,8410.0,-1.06
2019-01-21,8.54,22890.0,1.56,48.21,13120.0,2.97
2019-01-18,8.41,26030.0,2.9,46.82,12600.0,-1.41
2019-01-17,8.18,26460.0,-3.6,47.49,9870.0,-2.94
2019-01-16,8.48,22020.0,-2.13,48.93,6590.0,0.27
2019-01-15,8.66,24520.0,1.42,48.8,8350.0,0.0
2019-01-14,8.54,16970.0,-0.25,48.8,10970.0,-0.45
2019-01-11,8.56,24000.0,-0.31,49.02,9680.0,0.35
2019-01-10,8.59,36450.0,-1.15,48.85,15350.0,-3.19
2019-01-09,8.69,84390.0,-5.87,50.46,26220.0,-4.58
2019-01-08,9.23,86630.0,8.6,52.88,14710.0,2.9
2019-01-07,8.5,43630.0,1.51,51.39,13600.0,1.46
2019-01-04,8.38,41400.0,-0.81,50.65,12650.0,5.39
2019-01-03,8.44,35350.0,0.88,48.06,8350.0,-2.26
2019-01-02,8.37,30370.0,1.21,49.17,8560.0,-3.59
2018-12-28,8.27,29880.0,2.54,51.0,8250.0,0.31
2018-12-27,8.06,33350.0,1.66,50.84,10080.0,-0.31
2018-12-26,7.93,27470.0,-3.95,51.0,7740.0,-2.34
2018-12-25,8.26,42500.0,-2.61,52.22,11250.0,-1.86
2018-12-24,8.48,31030.0,1.26,53.21,8160.0,0.43
2018-12-21,8.38,27850.0,0.13,52.98,10320.0,-1.65
2018-12-20,8.36,43910.0,2.32,53.87,10430.0,0.69
2018-12-19,8.18,31380.0,-2.33,53.5,11340.0,-2.8
2018-12-18,8.37,37040.0,1.27,55.04,9140.0,0.27
2018-12-17,8.26,50660.0,-4.44,54.89,14300.0,-4.21
2018-12-14,8.65,47490.0,0.0,57.3,9290.0,-1.88
2018-12-13,8.65,42480.0,-0.96,58.4,10110.0,0.26
2018-12-12,8.73,61820.0,6.41,58.25,13120.0,3.72
2018-12-11,8.21,34040.0,-1.27,56.16,11150.0,1.39
2018-12-10,8.31,41460.0,2.0,55.39,11550.0,-2.64
2018-12-07,8.15,44090.0,-2.46,56.89,12640.0,2.78
2018-12-06,8.35,50800.0,0.06,55.35,13580.0,-4.45
2018-12-05,8.35,61400.0,5.38,57.93,15620.0,2.86
2018-12-04,7.92,41420.0,0.74,56.32,11830.0,0.43
2018-12-03,7.86,52740.0,2.68,56.08,19430.0,-1.61
2018-11-30,7.66,58060.0,2.54,57.0,8960.0,-1.13
2018-11-29,7.47,69270.0,0.14,57.65,10490.0,0.0
2018-11-28,7.46,72860.0,2.38,57.65,12100.0,0.7
2018-11-27,7.29,74940.0,9.92,57.25,15920.0,5.71
2018-11-26,6.63,13800.0,0.48,54.16,8270.0,0.3
2018-11-23,6.6,22900.0,-5.5,54.0,9520.0,-2.35
2018-11-22,6.98,15910.0,-1.12,55.3,10200.0,0.55
2018-11-21,7.06,21120.0,1.36,55.0,9410.0,-0.72
2018-11-20,6.97,36620.0,-3.78,55.4,17320.0,1.28
2018-11-19,7.24,26100.0,2.46,54.7,16250.0,6.11
2018-11-16,7.07,33980.0,1.51,51.55,11320.0,-0.5
2018-11-15,6.96,17320.0,1.77,51.81,6950.0,-0.17
2018-11-14,6.84,16480.0,-0.76,51.9,10210.0,1.76
2018-11-13,6.89,29160.0,0.38,51.0,10590.0,-1.18
2018-11-12,6.87,24400.0,3.57,51.61,13370.0,3.22
2018-11-09,6.63,13130.0,0.72,50.0,14680.0,2.08
2018-11-08,6.58,19740.0,-2.72,48.98,14220.0,3.66
2018-11-07,6.77,29980.0,0.86,47.25,6950.0,-0.8
2018-11-06,6.71,21470.0,-1.54,47.63,5570.0,-1.28
2018-11-05,6.81,44480.0,2.53,48.25,11010.0,0.48
2018-11-02,6.64,36510.0,4.04,48.02,13920.0,5.08
2018-11-01,6.39,23640.0,0.25,45.7,10900.0,-2.33
2018-10-31,6.37,23570.0,0.41,46.79,6120.0,0.56
2018-10-30,6.34,23880.0,3.97,46.53,9650.0,-1.79
2018-10-29,6.1,11320.0,-1.53,47.38,6930.0,-2.55
2018-10-26,6.2,16730.0,-1.09,48.62,7680.0,-1.98
2018-10-25,6.27,24440.0,-2.38,49.6,11080.0,1.7
2018-10-24,6.42,25430.0,2.43,48.77,10450.0,0.64
2018-10-23,6.27,21310.0,-3.09,48.46,11540.0,-3.1
2018-10-22,6.47,32619.999999999996,5.4,50.01,16890.0,6.36
2018-10-19,6.13,24360.0,2.1,47.02,12000.0,1.82
2018-10-18,6.01,16200.0,-1.81,46.18,8390.0,-2.39
2018-10-17,6.12,25670.0,2.02,47.31,11030.0,2.94
2018-10-16,6.0,19310.0,-2.73,45.96,6470.0,-2.07
2018-10-15,6.17,25110.0,-0.68,46.93,9540.0,1.1
2018-10-12,6.21,32750.0,2.88,46.42,12920.0,8.41
2018-10-11,6.03,40920.0,-9.97,42.82,11980.0,-6.73
2018-10-10,6.7,28740.0,-1.55,45.91,8820.0,-2.51
2018-10-09,6.81,45890.0,-4.85,47.09,4160.0,1.16
2018-10-08,7.15,30440.0,-4.23,46.55,11140.0,-5.19
2018-09-28,7.47,19270.0,0.35,49.1,7690.0,2.72
2018-09-27,7.44,26690.0,-3.28,47.8,6280.0,-0.95
2018-09-26,7.7,18810.0,-0.07,48.26,9970.0,0.12
2018-09-25,7.7,20650.0,-1.61,48.2,10240.0,2.53
2018-09-21,7.83,35780.0,3.48,47.01,16239.999999999998,2.31
2018-09-20,7.56,29460.0,1.2,45.95,8200.0,-2.15
2018-09-19,7.48,34570.0,-1.59,46.96,13000.0,4.17
2018-09-18,7.6,33270.0,2.27,45.08,6810.0,0.6
2018-09-17,7.43,24130.0,0.28,44.81,8520.0,0.0
2018-09-14,7.41,50890.0,0.14,44.81,10530.0,4.4
2018-09-13,7.4,55590.0,2.63,42.92,5540.0,2.09
2018-09-12,7.21,54930.0,9.25,42.04,5590.0,1.25
2018-09-11,6.6,20660.0,2.79,41.52,3520.0,-0.5
2018-09-10,6.42,31290.0,-8.48,41.73,5290.0,-2.55
2018-09-07,7.01,9800.0,0.23,42.82,6880.0,0.52
2018-09-06,7.0,10650.0,-0.45,42.6,4690.0,0.24
2018-09-05,7.03,9840.0,-2.48,42.5,8290.0,-4.54
2018-09-04,7.21,10440.0,0.37,44.52,5960.0,1.95
2018-09-03,7.18,12580.0,2.02,43.67,5610.0,-1.78
2018-08-31,7.04,10110.0,-1.18,44.46,6690.0,-1.2
2018-08-30,7.12,14120.0,-2.31,45.0,9120.0,-2.81
2018-08-29,7.29,10580.0,-1.35,46.3,9140.0,1.56
2018-08-28,7.39,29400.0,3.08,45.59,8090.0,1.29
2018-08-27,7.17,15550.0,1.56,45.01,8760.0,3.59
2018-08-24,7.06,14480.0,-2.12,43.45,7830.0,-1.96
2018-08-23,7.21,25330.0,3.01,44.32,8330.0,-1.05
2018-08-22,7.0,16850.0,-3.62,44.79,9090.0,-0.24
2018-08-21,7.27,14140.0,-0.22,44.9,9850.0,-0.75
2018-08-20,7.28,16400.0,0.87,45.24,14720.0,6.57
2018-08-17,7.22,15430.0,-1.58,42.45,5750.0,0.45
2018-08-16,7.33,22470.0,-3.66,42.26,7400.0,0.31
2018-08-15,7.61,20380.0,-3.15,42.13,9880.0,-2.36
2018-08-14,7.86,13310.0,-1.78,43.15,8200.0,-0.05
2018-08-13,8.0,27590.0,-0.78,43.17,13230.0,3.55
2018-08-10,8.06,13240.0,-0.13,41.69,10360.0,6.22
2018-08-09,8.08,16180.0,1.59,39.25,7490.0,2.51
2018-08-08,7.95,14380.0,-2.7,38.29,7310.0,0.76
2018-08-07,8.17,17960.0,1.44,38.0,6820.0,1.9
2018-08-06,8.05,22470.0,-1.03,37.29,7380.0,-2.71
2018-08-03,8.14,55690.0,4.46,38.33,9650.0,-4.41
2018-08-02,7.79,27450.0,-1.13,40.1,10800.0,-4.48
2018-08-01,7.88,28300.0,0.33,41.98,4430.0,-0.62
2018-07-31,7.85,47800.0,-8.35,42.24,3020.0,-0.61
2018-07-30,8.57,10840.0,-0.85,42.5,5590.0,-1.14
2018-07-27,8.64,9120.0,-0.06,42.99,3680.0,-0.02
2018-07-26,8.65,14330.0,-1.85,43.0,5180.0,-2.38
2018-07-25,8.81,18220.0,-1.3,44.05,6470.0,-0.54
2018-07-24,8.93,21260.0,0.89,44.29,5550.0,1.82
2018-07-23,8.85,15670.0,1.75,43.5,5190.0,1.37
2018-07-20,8.7,12330.0,0.61,42.91,5690.0,1.8
2018-07-19,8.64,10890.0,-0.48,42.15,6190.0,-2.66
2018-07-18,8.69,16090.0,-2.37,43.3,4490.0,-0.57
2018-07-17,8.9,18610.0,1.5,43.55,6940.0,-0.91
2018-07-16,8.76,14240.0,-1.36,43.95,12500.0,-4.35
2018-07-13,8.89,18160.0,-0.65,45.95,5330.0,-1.23
2018-07-12,8.94,28800.0,2.16,46.52,6960.0,2.33
2018-07-11,8.75,23380.0,0.36,45.46,5070.0,-2.51
2018-07-10,8.72,14760.0,0.18,46.63,4640.0,0.24
2018-07-09,8.71,15600.0,1.66,46.52,7290.0,1.06
2018-07-06,8.56,21570.0,1.06,46.03,6780.0,0.99
2018-07-05,8.48,18960.0,-0.98,45.58,5570.0,-0.46
2018-07-04,8.56,14240.0,-2.63,45.79,6340.0,0.97
2018-07-03,8.79,29160.0,-1.07,45.35,9310.0,-1.37
2018-07-02,8.89,38820.0,-4.03,45.98,6180.0,-3.57
2018-06-29,9.26,32009.999999999996,4.2,47.68,7500.0,3.63
2018-06-28,8.89,17300.0,-1.23,46.01,6130.0,-2.31
2018-06-27,9.0,16100.000000000002,-0.52,47.1,9550.0,1.55
2018-06-26,9.04,19290.0,1.36,46.38,6410.0,0.69
2018-06-25,8.92,22820.0,-1.4,46.06,5740.0,-1.69
2018-06-22,9.05,31530.0,5.52,46.85,6050.0,2.36
2018-06-21,8.58,19740.0,-4.4,45.77,7620.0,0.84
2018-06-20,8.97,26300.0,3.02,45.39,5700.0,0.91
2018-06-19,8.71,30770.0,-5.86,44.98,11970.0,-6.64
2018-06-15,9.25,20910.0,-3.03,48.18,4940.0,-1.77
2018-06-14,9.54,19150.0,0.5,49.05,3810.0,-0.02
2018-06-13,9.49,23220.0,-0.39,49.06,4880.0,-1.94
2018-06-12,9.53,21640.0,-0.44,50.03,4620.0,1.23
2018-06-11,9.57,33690.0,1.79,49.42,4280.0,-1.42
2018-06-08,9.4,24240.0,0.34,50.13,5130.0,-1.55
2018-06-07,9.37,27010.0,0.0,50.92,4330.0,-0.39
2018-06-06,9.37,26780.0,0.62,51.12,6500.0,-0.2
2018-06-05,9.31,37500.0,6.43,51.22,5530.0,2.03
2018-06-04,8.75,35860.0,-2.29,50.2,5280.0,-1.39
2018-06-01,8.95,27840.0,-3.84,50.91,4520.0,-0.47
2018-05-31,9.31,21090.0,0.8,51.15,5790.0,1.49
2018-05-30,9.24,35760.0,-4.72,50.4,10380.0,-5.79
2018-05-29,9.7,31990.0,0.0,53.5,7290.0,1.36
2018-05-28,9.7,32280.0,2.5,52.78,6010.0,-2.66
2018-05-25,9.46,37480.0,-3.33,54.22,5060.0,0.13
2018-05-24,9.78,32009.999999999996,0.11,54.15,5030.0,-0.97
2018-05-23,9.77,35700.0,-4.62,54.68,7870.0,-0.58
2018-05-22,10.25,24470.0,-1.22,55.0,5620.0,0.84
2018-05-21,10.37,31410.0,0.46,54.54,7450.0,1.0
2018-05-18,10.33,38740.0,2.24,54.0,8870.0,2.33
2018-05-17,10.1,33810.0,-0.67,52.77,3760.0,0.17
2018-05-16,10.17,53660.0,-0.87,52.68,5490.0,-0.73
2018-05-15,10.26,51450.0,-48.06,53.07,5530.0,0.78
2018-05-14,19.75,39710.0,0.3,52.66,6620.0,-0.55
2018-05-11,19.69,53470.0,5.01,52.95,9220.0,2.14
2018-05-10,18.75,29590.0,3.31,51.84,4170.0,0.66
2018-05-09,18.15,15360.0,0.28,51.5,4670.0,-0.73
2018-05-08,18.1,25430.0,0.56,51.88,8109.999999999999,3.02
2018-05-07,18.0,31250.0,6.38,50.36,7490.0,2.25
2018-05-04,16.92,10130.0,1.32,49.25,4960.0,-0.73
2018-05-03,16.7,8540.0,1.52,49.61,7400.0,0.73
2018-05-02,16.45,4870.0,0.55,49.25,14000.0,-7.01
2018-04-27,16.36,5300.0,-0.18,52.96,4200.0,0.82
2018-04-26,16.39,8550.0,-2.96,52.53,5250.0,-2.43
2018-04-25,16.89,8260.0,-1.17,53.84,4490.0,-0.44
2018-04-24,17.09,9680.0,2.34,54.08,5540.0,2.13
2018-04-23,16.7,9020.0,-0.54,52.95,5390.0,1.32
2018-04-20,16.79,10160.0,-0.94,52.26,5850.0,-2.99
2018-04-19,16.95,8640.0,-0.82,53.87,5140.0,0.79
2018-04-18,17.09,13000.0,3.64,53.45,9200.0,-0.26
2018-04-17,16.49,11720.0,-4.18,53.59,7230.0,-2.42
2018-04-16,17.21,9070.0,-0.92,54.92,5300.0,-1.22
2018-04-13,17.37,9200.0,0.4,55.6,4130.0,-0.54
2018-04-12,17.3,9840.0,-2.09,55.9,5240.0,-0.41
2018-04-11,17.67,19420.0,2.32,56.13,7460.0,-0.94
2018-04-10,17.27,10880.0,1.53,56.66,10850.0,0.57
2018-04-09,17.01,11310.0,-0.41,56.34,11980.0,2.77
2018-04-04,17.08,13450.0,-1.9,54.82,8150.0,1.01
2018-04-03,17.41,13900.0,-2.3,54.27,12360.0,-2.51
2018-04-02,17.82,17650.0,-0.56,55.67,8330.0,-1.12
2018-03-30,17.92,14960.0,2.22,56.3,8090.0,0.55
2018-03-29,17.53,10190.0,1.04,55.99,14000.0,-0.36
2018-03-28,17.35,14060.0,-1.2,56.19,33010.0,-8.34
2018-03-27,17.56,22060.0,5.28,61.3,7210.0,1.49
2018-03-26,16.68,17550.0,3.6,60.4,8400.0,1.55
2018-03-23,16.1,27130.0,-8.83,59.48,12820.0,-4.97
2018-03-22,17.66,12700.0,-1.06,62.59,5900.0,-0.02
2018-03-21,17.85,14780.0,-2.88,62.6,8330.0,-0.32
2018-03-20,18.38,15830.0,-1.71,62.8,10840.0,-2.26
2018-03-19,18.7,11420.0,0.54,64.25,5020.0,0.03
2018-03-16,18.6,15630.0,-2.62,64.23,6840.0,-0.73
2018-03-15,19.1,20690.0,1.43,64.7,7810.0,0.53
2018-03-14,18.83,25700.0,-0.84,64.36,9980.0,-2.48
2018-03-13,18.99,25770.0,-1.5,66.0,11810.0,-1.27
2018-03-12,19.28,45220.0,4.56,66.85,13720.0,1.98
2018-03-09,18.44,27310.0,4.18,65.55,8750.0,1.05
2018-03-08,17.7,14540.0,-1.39,64.87,6430.0,0.53
2018-03-07,17.95,14650.0,-1.48,64.53,9490.0,-3.08
2018-03-06,18.22,23480.0,1.73,66.58,14970.0,2.24
2018-03-05,17.91,15620.0,0.79,65.12,14950.0,3.58
2018-03-02,17.77,29320.0,-1.22,62.87,5930.0,-0.63
2018-03-01,17.99,21720.0,0.95,63.27,7490.0,-0.38
2018-02-28,17.82,28210.0,2.95,63.51,7740.0,0.08
2018-02-27,17.31,17260.0,-2.31,63.46,10070.0,-2.23
2018-02-26,17.72,23820.0,1.72,64.91,15610.0,3.36
2018-02-23,17.42,19140.0,1.22,62.8,5980.0,0.77
2018-02-22,17.21,21250.0,1.77,62.32,9740.0,3.01
2018-02-14,16.91,15630.0,-0.29,60.5,5590.0,1.68
2018-02-13,16.96,26180.0,-1.8,59.5,5510.0,-0.2
2018-02-12,17.27,29940.0,10.0,59.62,8050.000000000001,5.24
2018-02-09,15.7,22350.0,1.29,56.65,9310.0,-4.81
2018-02-08,15.5,11640.0,2.92,59.51,4600.0,1.04
2018-02-07,15.06,13970.0,1.69,58.9,8210.0,0.67
2018-02-06,14.81,17530.0,-9.2,58.51,10400.0,-4.82
2018-02-05,16.31,7190.0,-1.51,61.47,4059.9999999999995,-0.69
2018-02-02,16.56,10030.0,-1.02,61.9,6970.0,2.04
2018-02-01,16.73,14170.0,-4.89,60.66,12700.0,-3.78
2018-01-31,17.59,14480.0,-3.62,63.04,5430.0,-0.65
2018-01-30,18.25,13950.0,1.11,63.45,5590.0,0.87
2018-01-29,18.05,8230.0,0.28,62.9,12520.0,-3.97
2018-01-26,18.0,13070.0,-2.01,65.5,6360.0,-0.21
2018-01-25,18.37,17360.0,-0.33,65.64,8080.0,-1.31
2018-01-24,18.43,15710.0,1.49,66.51,7640.0,-0.45
2018-01-23,18.16,9500.0,0.06,66.81,12350.0,0.32
2018-01-22,18.15,13630.0,2.08,66.6,17270.0,5.38
2018-01-19,17.78,9130.0,0.17,63.2,5240.0,0.05
2018-01-18,17.75,9490.0,0.11,63.17,7370.0,-0.91
2018-01-17,17.73,17010.0,-1.23,63.75,11650.0,-1.62
2018-01-16,17.95,14320.0,0.67,64.8,9590.0,-0.52
2018-01-15,17.83,32170.0,-8.19,65.14,15190.0,-2.89
2018-01-12,19.42,11960.0,-2.07,67.08,19600.0,2.57
2018-01-11,19.83,17100.0,2.11,65.4,7630.0,-0.41
2018-01-10,19.42,12070.0,-1.12,65.67,9430.0,0.38
2018-01-09,19.64,14000.0,-1.01,65.42,9430.0,0.32
2018-01-08,19.84,18620.0,2.16,65.21,13670.0,1.29
2018-01-05,19.42,14040.0,-1.22,64.38,10490.0,-1.03
2018-01-04,19.66,18960.0,-1.16,65.05,11840.0,-1.62
2018-01-03,19.89,26840.0,1.02,66.12,15190.0,0.41
2018-01-02,19.69,15330.0,0.41,65.85,12710.0,1.23
2017-12-29,19.61,15750.0,0.05,65.05,10550.0,-0.96
2017-12-28,19.6,32040.0,0.98,65.68,18600.0,-2.13
2017-12-27,19.41,34680.0,5.6,67.11,26720.0,5.92
2017-12-26,18.38,7670.0,0.77,63.36,10260.0,2.21
2017-12-25,18.24,11350.0,-2.2,61.99,5270.0,-0.34
2017-12-22,18.65,12330.0,0.7,62.2,5760.0,0.32
2017-12-21,18.52,12540.0,-0.96,62.0,7910.0,1.97
2017-12-20,18.7,11830.0,-1.42,60.8,8670.0,-2.39
2017-12-19,18.97,11050.0,-0.89,62.29,5820.0,-0.35
2017-12-18,19.14,15470.0,2.35,62.51,6620.0,-0.38
2017-12-15,18.7,10570.0,-2.35,62.75,10830.0,-1.43
2017-12-14,19.15,10940.0,-0.73,63.66,10330.0,1.05
2017-12-13,19.29,14950.0,1.1,63.0,8870.0,1.5
2017-12-12,19.08,27460.0,2.31,62.07,14860.0,-0.83
2017-12-11,18.65,11210.0,1.47,62.59,14910.0,4.75
2017-12-08,18.38,13210.0,1.49,59.75,12310.0,1.15
2017-12-07,18.11,9130.0,-2.11,59.07,11410.0,-3.0
2017-12-06,18.5,14430.0,1.87,60.9,27820.0,-2.86
2017-12-05,18.16,20430.0,-5.52,62.69,10720.0,-1.17
2017-12-04,19.22,10690.0,-1.44,63.43,9360.0,0.13
2017-12-01,19.5,10990.0,0.15,63.35,9840.0,1.82
2017-11-30,19.47,15480.0,0.57,62.22,13520.0,-3.31
2017-11-29,19.36,14350.0,0.89,64.35,14420.0,-0.59
2017-11-28,19.19,13450.0,1.21,64.73,22400.0,1.73
2017-11-27,18.96,17900.0,-3.81,63.63,34560.0,-10.0
2017-11-24,19.71,15010.0,1.08,70.7,21460.0,0.13
2017-11-23,19.5,18600.0,-2.35,70.61,21620.0,-2.99
2017-11-22,19.97,21960.0,1.37,72.79,28890.0,0.68
2017-11-21,19.7,17380.0,-0.45,72.3,36290.0,4.04
2017-11-20,19.79,20840.0,4.71,69.49,28210.0,9.28
2017-11-17,18.9,25100.0,-4.5,63.59,11750.0,-1.0
2017-11-16,19.79,20470.0,-1.64,64.23,11790.0,0.42
2017-11-15,20.12,37860.0,-7.66,63.96,23300.0,-5.94
2017-11-14,21.79,24030.0,-1.27,68.0,17270.0,-3.0
2017-11-13,22.07,23860.0,0.73,70.1,24010.0,3.62
2017-11-10,21.91,25890.0,0.6,67.65,13210.0,-0.5
2017-11-09,21.78,23150.0,0.0,67.99,16710.0,0.92
2017-11-08,21.78,45830.0,5.17,67.37,22070.0,2.82
2017-11-07,20.71,16170.000000000002,1.17,65.52,11390.0,-0.08
2017-11-06,20.47,21780.0,-0.58,65.57,13490.0,2.05
2017-11-03,20.59,26830.0,-4.59,64.25,13950.0,1.47
2017-11-02,21.58,23350.0,-3.32,63.32,10090.0,-1.37
2017-11-01,22.32,12410.0,-0.36,64.2,15060.0,1.9
2017-10-31,22.4,15740.0,1.82,63.0,10310.0,0.75
2017-10-30,22.0,16810.0,-2.83,62.53,20510.0,-3.99
2017-10-27,22.64,17160.0,-1.48,65.13,11640.0,-1.02
2017-10-26,22.98,23710.0,-0.52,65.8,15920.0,0.49
2017-10-25,23.1,15740.0,-1.58,65.48,11820.0,0.65
2017-10-24,23.47,13660.0,0.3,65.06,20480.0,-2.76
2017-10-23,23.4,10390.0,-0.64,66.91,17370.0,-2.39
2017-10-20,23.55,19420.0,2.61,68.55,21810.0,5.22
2017-10-19,22.95,18840.0,0.26,65.15,19690.0,-3.38
2017-10-18,22.89,26890.0,-3.94,67.43,14160.0,0.09
2017-10-17,23.83,21160.0,-3.33,67.37,11580.0,-0.04
2017-10-16,24.65,24940.0,-3.14,67.4,20150.0,-0.47
2017-10-13,25.45,18910.0,0.87,67.72,16040.0,-0.85
2017-10-12,25.23,16670.0,-1.83,68.3,22880.0,-0.51
2017-10-11,25.7,30130.0,0.16,68.65,22980.0,-2.79
2017-10-10,25.66,21640.0,-1.65,70.62,23110.0,-2.03
2017-10-09,26.09,25800.0,3.2,72.08,37800.0,5.53
2017-09-29,25.28,27290.0,-1.67,68.3,29490.0,-0.94
2017-09-28,25.71,23510.0,-1.76,68.95,32530.0,1.59
2017-09-27,26.17,40350.0,4.3,67.87,47480.0,4.42
2017-09-26,25.09,18560.0,1.58,65.0,38320.0,7.81
2017-09-25,24.7,23690.0,-1.59,60.29,24900.0,-3.26
2017-09-22,25.1,20880.0,-1.18,62.32,29050.0,-0.4
2017-09-21,25.4,32369.999999999996,-3.35,62.57,44750.0,1.21
2017-09-20,26.28,29220.0,2.02,61.82,54830.0,7.98
2017-09-19,25.76,30170.0,-2.09,57.25,21540.0,-1.17
2017-09-18,26.31,28760.0,0.04,57.93,37260.0,8.48
2017-09-15,26.3,37310.0,0.77,53.4,12590.0,-1.96
2017-09-14,26.1,48040.0,-3.87,54.47,14600.0,-0.75
2017-09-13,27.15,62730.0,0.48,54.88,23650.0,-1.67
2017-09-12,27.02,133630.0,-4.01,55.81,49550.0,7.64
2017-09-11,28.15,116630.0,7.98,51.85,19020.0,4.07
2017-09-08,26.07,80390.0,0.19,49.82,4260.0,0.5
2017-09-07,26.02,137570.0,-1.25,49.57,6710.0,-1.45
2017-09-06,26.35,150960.0,10.02,50.3,12870.0,2.91
2017-09-05,23.95,70390.0,4.04,48.88,3230.0,0.25
2017-09-04,23.02,37240.0,-0.17,48.76,4930.0,0.97
2017-09-01,23.06,45640.0,1.86,48.29,3350.0,-0.41
2017-08-31,22.64,34290.0,1.39,48.49,2930.0,0.21
2017-08-30,22.33,24210.0,1.55,48.39,3780.0,-0.06
2017-08-29,21.99,27950.0,-1.92,48.42,7450.0,-1.88
2017-08-28,22.42,34030.0,1.72,49.35,6410.0,1.38
2017-08-25,22.04,26050.0,1.57,48.68,5340.0,1.42
2017-08-24,21.7,28650.0,-1.59,48.0,3390.0,-0.56
2017-08-23,22.05,59500.0,-5.69,48.27,2110.0,0.23
2017-08-22,23.38,48710.0,0.52,48.16,3770.0,-1.03
2017-08-21,23.26,28680.0,0.13,48.66,3390.0,0.23
2017-08-18,23.23,37520.0,-2.88,48.55,3170.0,0.48
2017-08-17,23.92,47680.0,0.42,48.32,2620.0,0.12
2017-08-16,23.82,37550.0,-1.61,48.26,3160.0,0.54
2017-08-15,24.21,54940.0,1.72,48.0,3210.0,-0.41
2017-08-14,23.8,55770.0,5.87,48.2,2740.0,0.73
2017-08-11,22.48,46320.0,-4.34,47.85,5930.0,-1.81
2017-08-10,23.5,42240.0,-1.92,48.73,2900.0,-0.81
2017-08-09,23.96,66270.0,5.0,49.13,2990.0,-0.16
2017-08-08,22.82,46530.0,-1.72,49.21,4010.0,0.61
2017-08-07,23.22,36670.0,1.09,48.91,3050.0,0.82
2017-08-04,22.97,68500.0,-5.94,48.51,2670.0,-0.33
2017-08-03,24.42,52200.0,-1.89,48.67,5100.0,0.35
2017-08-02,24.89,94450.0,1.14,48.5,5240.0,-1.14
2017-08-01,24.61,114600.0,5.62,49.06,4500.0,0.12
2017-07-31,23.3,81790.0,1.35,49.0,5190.0,-0.95
2017-07-28,22.99,89380.0,1.59,49.47,3000.0,0.75
2017-07-27,22.63,74140.0,-1.74,49.1,3790.0,0.41
2017-07-26,23.03,99420.0,5.45,48.9,5210.0,-0.99
2017-07-25,21.84,47030.0,3.65,49.39,3850.0,-1.0
2017-07-24,21.07,53050.0,-3.7,49.89,5690.0,-1.19
2017-07-21,21.88,55060.0,-0.5,50.49,5730.0,0.82
2017-07-20,21.99,89930.0,1.24,50.08,3590.0,0.99
2017-07-19,21.72,82480.0,2.84,49.59,3270.0,1.27
2017-07-18,21.12,56500.0,3.53,48.97,2740.0,-0.06
2017-07-17,20.4,72900.0,-4.81,49.0,6140.0,-3.1
2017-07-14,21.43,86980.0,3.23,50.57,4690.0,1.42
2017-07-13,20.76,64879.99999999999,-4.11,49.86,2490.0,0.04
2017-07-12,21.65,84590.0,3.69,49.84,4430.0,-0.5
2017-07-11,20.88,72830.0,-4.7,50.09,2650.0,0.08
2017-07-10,21.91,77010.0,-2.41,50.05,3810.0,-1.22
2017-07-07,22.45,105810.0,3.31,50.67,3290.0,-0.35
2017-07-06,21.73,115400.0,9.91,50.85,5760.0,-0.64
2017-07-05,19.77,62170.0,-0.2,51.18,5200.0,1.35
2017-07-04,19.81,70360.0,2.96,50.5,4950.0,0.94
2017-07-03,19.24,70610.0,6.01,50.03,2560.0,0.16
2017-06-30,18.15,56490.0,8.36,49.95,5650.0,-0.72
2017-06-29,16.75,14460.0,-1.06,50.31,4120.0,-0.49
2017-06-28,16.93,12340.0,-0.18,50.56,4710.0,-1.77
2017-06-27,16.96,14150.0,-1.74,51.47,4630.0,-0.1
2017-06-26,17.26,22120.0,1.11,51.52,6760.0,1.82
2017-06-23,17.07,22830.0,1.43,50.6,4600.0,-0.33
2017-06-22,16.83,35700.0,-3.16,50.77,5530.0,-0.35
2017-06-21,17.38,27210.0,0.75,50.95,5380.0,0.73
2017-06-20,17.25,42830.0,2.74,50.58,5000.0,-1.27
2017-06-19,16.79,22430.0,0.96,51.23,3630.0,0.35
2017-06-16,16.63,39100.0,0.0,51.05,5120.0,-1.26
2017-06-15,16.63,26810.0,1.09,51.7,3950.0,0.19
2017-06-14,16.45,55350.0,-1.5,51.6,9110.0,-0.42
2017-06-13,16.7,63670.0,10.01,51.82,8450.0,2.61
2017-06-12,15.18,11420.0,-0.78,50.5,5520.0,0.52
2017-06-09,15.3,13880.0,2.41,50.24,3870.0,-0.51
2017-06-08,14.94,16730.0,0.0,50.5,2750.0,0.0
2017-06-07,14.94,15980.0,3.68,50.5,4640.0,1.0
2017-06-06,14.41,13400.0,-2.64,50.0,2700.0,-0.4
2017-06-05,14.8,15440.0,1.51,50.2,5090.0,1.54
2017-06-02,14.58,18490.0,-0.14,49.44,2530.0,0.22
2017-06-01,14.6,14270.0,-6.41,49.33,3860.0,-1.04
2017-05-31,15.6,8430.0,0.19,49.85,5580.0,1.51
2017-05-26,15.57,9250.0,0.39,49.11,4070.0000000000005,0.74
2017-05-25,15.51,10830.0,-1.02,48.75,3380.0,-0.1
2017-05-24,15.67,12580.0,1.16,48.8,3290.0,0.02
2017-05-23,15.49,12970.0,-0.19,48.79,4550.0,0.83
2017-05-22,15.52,8250.0,-0.19,48.39,2470.0,-0.33
2017-05-19,15.55,11760.0,-0.32,48.55,2340.0,0.37
2017-05-18,15.6,11440.0,-1.76,48.37,2070.0,-1.0
2017-05-17,15.88,18250.0,-0.63,48.86,4240.0,0.43
2017-05-16,15.98,25870.0,6.82,48.65,3110.0,1.5
2017-05-15,14.96,8910.0,-1.58,47.93,1900.0,-0.21
2017-05-12,15.2,15760.0,0.13,48.03,3000.0,0.42
2017-05-11,15.18,19780.0,-3.07,47.83,6210.0,-0.35
2017-05-10,15.66,17810.0,-0.82,48.0,3910.0,-2.04
2017-05-09,15.79,15540.0,-0.25,49.0,2480.0,0.43
2017-05-08,15.83,11290.0,-0.13,48.79,3490.0,0.93
2017-05-05,15.85,15420.0,-0.69,48.34,3230.0,-0.76
2017-05-04,15.96,12220.0,0.5,48.71,3810.0,-0.18
2017-05-03,15.88,12040.0,-0.69,48.8,6920.0,-1.81
2017-05-02,15.99,13120.0,0.69,49.7,10930.0,-4.2
2017-04-28,15.88,13070.0,-0.06,51.88,6200.0,-0.4
2017-04-27,15.89,23740.0,0.0,52.09,5950.0,-0.82
2017-04-26,15.89,17570.0,3.32,52.52,9050.0,2.62
2017-04-25,15.38,15660.0,0.59,51.18,4340.0,0.67
2017-04-24,15.29,27240.0,-10.01,50.84,5870.0,-2.17
2017-04-21,16.99,14600.0,-0.41,51.97,6670.0,0.04
2017-04-20,17.06,16059.999999999998,-1.22,51.95,5860.0,1.35
2017-04-19,17.27,19870.0,2.86,51.26,6850.0,-0.66
2017-04-18,16.79,27120.0,-4.87,51.6,6750.0,0.43
2017-04-17,17.65,18750.0,-0.84,51.38,4620.0,0.06
2017-04-14,17.8,25200.0,-4.25,51.35,6870.0,-2.1
2017-04-13,18.59,20880.0,1.97,52.45,5910.0,-1.0
2017-04-12,18.23,23830.0,-2.77,52.98,11540.0,-0.06
2017-04-11,18.75,45320.0,-0.16,53.01,26230.0,6.77
2017-04-10,18.78,35970.0,-2.74,49.65,4340.0,0.1
2017-04-07,19.31,37370.0,-1.43,49.6,4350.0,0.24
2017-04-06,19.59,55390.0,2.94,49.48,5130.0,0.16
2017-04-05,19.03,50510.0,6.31,49.4,7600.0,2.87
2017-03-31,17.9,36070.0,2.64,48.02,4600.0,0.42
2017-03-30,17.44,52130.0,-5.88,47.82,6780.0,-2.01
2017-03-29,18.53,40330.0,-2.63,48.8,8580.0,-2.2
2017-03-28,19.03,52440.0,-0.16,49.9,3910.0,0.6
2017-03-27,19.06,47300.0,3.93,49.6,3670.0,-0.1
2017-03-24,18.34,26070.0,0.11,49.65,4140.0,0.4
2017-03-23,18.32,39050.0,-1.98,49.45,5580.0,1.12
2017-03-22,18.69,48400.0,3.55,48.9,3900.0,-0.81
2017-03-21,18.05,22000.0,0.22,49.3,3880.0,0.22
2017-03-20,18.01,27060.0,0.56,49.19,5280.0,-0.61
2017-03-17,17.91,41410.0,-2.82,49.49,5770.0,-1.06
2017-03-16,18.43,28940.0,1.82,50.02,4930.0,1.11
2017-03-15,18.1,28740.0,-0.66,49.47,3780.0,-0.58
2017-03-14,18.22,35980.0,-2.25,49.76,4230.0,-0.16
2017-03-13,18.64,47050.0,-1.48,49.84,6500.0,-0.7
2017-03-10,18.92,69210.0,3.73,50.19,5200.0,0.04
2017-03-09,18.24,44510.0,2.3,50.17,4720.0,-1.32
2017-03-08,17.83,28930.0,0.0,50.84,5200.0,-0.31
2017-03-07,17.83,40310.0,-0.94,51.0,4900.0,0.2
2017-03-06,18.0,64170.0,0.78,50.9,7570.0,-0.22
2017-03-03,17.86,73940.0,6.88,51.01,11540.0,2.53
2017-03-02,16.71,47910.0,4.96,49.75,4660.0,-0.88
2017-03-01,15.92,20830.0,-0.25,50.19,5010.0,0.16
2017-02-28,15.96,26510.0,2.05,50.11,4920.0,-0.32
2017-02-27,15.64,18990.0,-1.51,50.27,10160.0,0.1
2017-02-24,15.88,24040.0,-0.25,50.22,3480.0,-0.18
2017-02-23,15.92,33210.0,1.86,50.31,5800.0,0.68
2017-02-22,15.63,31380.0,0.0,49.97,4860.0,-0.14
2017-02-21,15.63,28790.0,2.76,50.04,10730.0,1.79
2017-02-20,15.21,12950.0,2.36,49.16,3660.0,1.24
2017-02-17,14.86,12070.0,-1.46,48.56,3810.0,-0.7
2017-02-16,15.08,13240.0,1.07,48.9,3690.0,0.31
2017-02-15,14.92,18320.0,-3.18,48.75,7410.0,-1.59
2017-02-14,15.41,10760.0,0.65,49.54,4250.0,-0.38
2017-02-13,15.31,11600.0,0.07,49.73,5020.0,0.2
2017-02-10,15.3,17300.0,-0.71,49.63,4830.0,-0.7
2017-02-09,15.41,25340.0,2.32,49.98,7130.0,-1.03
2017-02-08,15.06,19680.0,2.17,50.5,7450.0,2.35
2017-02-07,14.74,14450.0,0.55,49.34,8160.0,1.38
2017-02-06,14.66,10300.0,1.66,48.67,3550.0,0.66
2017-02-03,14.42,6580.0,-1.03,48.35,2920.0,-0.68
2017-01-26,14.57,9690.0,1.18,48.68,3860.0,-0.45
2017-01-25,14.4,7020.0,0.14,48.9,3000.0,0.51
2017-01-24,14.38,7750.0,-1.03,48.65,2560.0,-0.43
2017-01-23,14.53,11290.0,0.55,48.86,2370.0,0.58
2017-01-20,14.45,14090.0,1.55,48.58,2480.0,1.0
2017-01-19,14.23,9300.0,0.07,48.1,1750.0,-0.02
2017-01-18,14.22,12510.0,-2.13,48.11,2220.0,-0.19
2017-01-17,14.53,18990.0,1.75,48.2,2780.0,0.92
2017-01-16,14.28,27060.0,-5.87,47.76,4480.0,-2.35
2017-01-13,15.17,25890.0,-1.88,48.91,3200.0,-0.1
2017-01-12,15.46,23040.0,1.18,48.96,3550.0,-0.95
2017-01-11,15.28,17520.0,0.53,49.43,2400.0,-0.44
2017-01-10,15.2,17420.0,0.07,49.65,2960.0,-0.52
2017-01-09,15.19,30870.0,2.22,49.91,3220.0,0.22
2017-01-06,14.86,17640.0,-1.78,49.8,4220.0,-1.25
2017-01-05,15.13,21780.0,-2.26,50.43,3990.0,-0.73
2017-01-04,15.48,41220.0,6.76,50.8,7620.0,1.95
2017-01-03,14.5,14500.0,-0.89,49.83,3800.0,0.3
2016-12-30,14.63,12620.0,-0.34,49.68,2090.0,0.67
2016-12-29,14.68,11390.0,0.2,49.35,3210.0,0.1
2016-12-28,14.65,12240.0,-0.95,49.3,2720.0,-0.3
2016-12-27,14.79,17280.0,-1.73,49.45,4190.0,-1.4
2016-12-26,15.05,26400.0,7.73,50.15,3820.0,-0.06
2016-12-23,13.97,9670.0,-2.65,50.18,4120.0,-2.34
2016-12-22,14.35,8360.0,-1.17,51.38,4680.0,1.24
2016-12-21,14.52,9560.0,0.28,50.75,2730.0,0.69
2016-12-20,14.48,15310.0,1.97,50.4,2850.0,0.0
2016-12-19,14.2,9670.0,-1.8,50.4,3690.0,-1.37
2016-12-16,14.46,14400.0,0.56,51.1,6170.0,3.27
2016-12-15,14.38,18010.0,3.01,49.48,3930.0,0.77
2016-12-14,13.96,15910.0,-3.12,49.1,5550.0,-2.41
2016-12-13,14.41,18050.0,-2.7,50.31,5440.0,0.98
2016-12-12,14.81,19350.0,-7.84,49.82,9040.0,-5.55
2016-12-09,16.07,13480.0,-0.74,52.75,3810.0,-0.53
2016-12-08,16.19,14360.0,0.68,53.03,3950.0,0.08
2016-12-07,16.08,7700.0,-0.06,52.99,7250.0,-0.24
2016-12-06,16.09,16050.0,1.96,53.12,6760.0,-1.02
2016-12-05,15.78,15810.0,1.22,53.67,7240.0,-1.97
2016-12-02,15.59,20880.0,-4.06,54.75,5170.0,-0.99
2016-12-01,16.25,11000.0,-1.1,55.3,4190.0,-0.05
2016-11-30,16.43,12910.0,0.55,55.33,3670.0,-0.45
2016-11-29,16.34,12940.0,-0.91,55.58,5920.0,-0.09
2016-11-28,16.49,12850.0,-1.02,55.63,6470.0,0.43
2016-11-25,16.66,15090.0,0.0,55.39,4540.0,-0.54
2016-11-24,16.66,17180.0,-2.0,55.69,6570.0,-1.47
2016-11-23,17.0,26510.0,-0.64,56.52,12310.0,2.32
2016-11-22,17.11,21940.0,2.03,55.24,3300.0,0.16
2016-11-21,16.77,9580.0,-0.18,55.15,3700.0,-0.24
2016-11-18,16.8,9170.0,-0.18,55.28,3040.0,-0.84
2016-11-17,16.83,14040.0,-1.87,55.75,2920.0,0.04
2016-11-16,17.15,24000.0,0.82,55.73,4180.0,0.23
2016-11-15,17.01,18440.0,1.37,55.6,3050.0,0.2
2016-11-14,16.78,19920.0,-0.42,55.49,5090.0,0.62
2016-11-11,16.85,27730.0,-1.17,55.15,5440.0,-0.34
2016-11-10,17.05,17970.0,0.35,55.34,3520.0,0.45
2016-11-09,16.99,29530.0,-3.47,55.09,6700.0,-1.01
2016-11-08,17.6,16500.0,-0.28,55.65,3320.0,0.25
2016-11-07,17.65,19280.0,0.0,55.51,3880.0,0.29
2016-11-04,17.65,21330.0,0.0,55.35,4860.0,-1.16
2016-11-03,17.65,33680.0,2.02,56.0,5520.0,-0.81
2016-11-02,17.3,14100.0,-1.65,56.46,3250.0,0.14
2016-11-01,17.59,20440.0,0.69,56.38,2700.0,0.39
2016-10-31,17.47,22980.0,1.98,56.16,3250.0,-0.18
2016-10-28,17.13,14770.0,-1.72,56.26,3020.0,-0.6
2016-10-27,17.43,18520.0,-1.19,56.6,2640.0,0.12
2016-10-26,17.64,27980.0,1.09,56.53,2930.0,-0.63
2016-10-25,17.45,19720.0,-0.34,56.89,3440.0,-0.12
2016-10-24,17.51,16650.0,0.46,56.96,5480.0,0.8
2016-10-21,17.43,26860.0,-2.35,56.51,3240.0,-0.56
2016-10-20,17.85,40160.0,1.02,56.83,3630.0,-0.37
2016-10-19,17.67,31220.0,-1.67,57.04,3820.0,-0.54
2016-10-18,17.97,62340.0,6.39,57.35,4840.0,1.0
2016-10-17,16.89,38670.0,0.9,56.78,4480.0,-0.86
2016-10-14,16.74,18100.0,0.72,57.27,3670.0,-0.07
2016-10-13,16.62,15880.0,-1.31,57.31,4460.0,-0.4
2016-10-12,16.84,17410.0,0.24,57.54,4830.0,-0.6
2016-10-11,16.8,23490.0,-0.77,57.89,9090.0,1.92
2016-10-10,16.93,24410.0,3.48,56.8,4400.0,2.18
2016-09-30,16.36,15310.0,0.49,55.59,3030.0,0.69
2016-09-29,16.28,14990.0,-0.55,55.21,3680.0,-0.22
2016-09-28,16.37,24070.0,0.68,55.33,2170.0,-0.2
2016-09-27,16.26,25170.0,2.46,55.44,3150.0,0.07
2016-09-26,15.87,30100.0,-6.15,55.4,5050.0,-2.77
2016-09-23,16.91,17570.0,0.0,56.98,2720.0,-0.21
2016-09-22,16.91,14420.0,-0.24,57.1,4660.0,0.62
2016-09-21,16.95,13320.0,-1.05,56.75,3190.0,0.78
2016-09-20,17.13,26300.0,0.0,56.31,3090.0,-0.65
2016-09-19,17.13,13610.0,0.71,56.68,4110.0,1.2
2016-09-14,17.01,19680.0,-0.87,56.01,6150.0,-1.77
2016-09-13,17.16,30740.0,-1.72,57.02,6740.0,-1.13
2016-09-12,17.46,39160.0,-9.02,57.67,5740.0,-2.27
2016-09-09,19.19,23160.0,-0.16,59.01,6770.0,0.19
2016-09-08,19.22,16470.0,0.73,58.9,3270.0,-0.12
2016-09-07,19.08,23060.0,-2.3,58.97,5130.0,-0.91
2016-09-06,19.53,34620.0,4.22,59.51,8470.0,2.75
2016-09-05,18.74,14040.0,0.0,57.92,2670.0,0.1
2016-09-02,18.74,26460.0,-3.9,57.86,4420.0,-1.03
2016-09-01,19.5,12820.0,-1.17,58.46,3100.0,-0.15
2016-08-31,19.73,16620.0,0.41,58.55,2800.0,0.14
2016-08-30,19.65,11540.0,0.51,58.47,3960.0,0.31
2016-08-29,19.55,13620.0,-0.2,58.29,6740.0,-0.1
2016-08-26,19.59,18250.0,-0.66,58.35,4420.0,0.26
2016-08-25,19.72,18840.0,0.46,58.2,6530.0,-1.49
2016-08-24,19.63,15330.0,0.15,59.08,3090.0,0.29
2016-08-23,19.6,32930.0,-3.83,58.91,3430.0,0.39
2016-08-22,20.38,26630.0,-1.59,58.68,6310.0,-1.97
2016-08-19,20.71,20760.0,0.0,59.86,3780.0,-0.33
2016-08-18,20.71,26300.0,-0.43,60.06,5940.0,-1.09
2016-08-17,20.8,37660.0,-0.91,60.72,8710.0,1.34
2016-08-16,20.99,67790.0,5.0,59.92,7810.0,-0.25
2016-08-15,19.99,38510.0,3.2,60.07,9640.0,1.35
2016-08-12,19.37,21400.0,0.99,59.27,5270.0,1.14
2016-08-11,19.18,30000.0,-3.81,58.6,4810.0,-0.49
2016-08-10,19.94,42160.0,1.99,58.89,3380.0,-0.44
2016-08-09,19.55,23030.0,0.57,59.15,4720.0,0.41
2016-08-08,19.44,23420.0,-0.97,58.91,3820.0,0.24
2016-08-05,19.63,21930.0,-1.9,58.77,4290.0,-0.52
2016-08-04,20.01,41800.0,2.67,59.08,3150.0,0.41
2016-08-03,19.49,23730.0,-1.37,58.84,2650.0,-0.2
2016-08-02,19.76,28520.0,0.2,58.96,3810.0,0.1
2016-08-01,19.72,33640.0,1.75,58.9,3480.0,-0.76
2016-07-29,19.38,31690.0,-0.36,59.35,3740.0,-0.67
2016-07-28,19.45,40550.0,0.83,59.75,5210.0,0.62
2016-07-27,19.29,44930.0,-7.26,59.38,10080.0,-2.93
2016-07-26,20.8,33580.0,1.71,61.17,5360.0,1.07
2016-07-25,20.45,40900.0,-3.9,60.52,7670.0,-1.59
2016-07-22,21.28,47590.0,-5.25,61.5,7660.0,-0.71
2016-07-21,22.46,28040.0,-2.09,61.94,6610.0,-0.9
2016-07-20,22.94,22600.0,-0.39,62.5,5460.0,-0.48
2016-07-19,23.03,25990.0,0.57,62.8,5160.0,0.24
2016-07-18,22.9,32650.0,-3.25,62.65,9840.0,-0.54
2016-07-15,23.67,44660.0,-0.63,62.99,19120.0,2.92
2016-07-14,23.82,38900.0,1.4,61.2,7080.0,0.44
2016-07-13,23.49,42590.0,-0.21,60.93,8990.0,-0.23
2016-07-12,23.54,54120.0,-2.77,61.07,8880.0,-0.26
2016-07-11,24.21,46200.0,-1.67,61.23,6890.0,-1.54
2016-07-08,24.62,71300.0,-5.23,62.19,9120.0,0.42
2016-07-07,25.98,101140.0,8.52,61.93,12330.0,1.83
2016-07-06,23.94,83580.0,0.29,60.82,4960.0,0.03
2016-07-05,23.87,99380.0,7.33,60.8,9190.0,-1.06
2016-07-04,22.24,48910.0,2.68,61.45,8240.0,0.1
2016-07-01,21.66,36450.0,0.09,61.39,9110.0,0.62
2016-06-30,21.64,67030.0,-5.58,61.01,8790.0,1.01
2016-06-29,22.92,63990.0,1.19,60.4,6760.0,0.17
2016-06-28,22.65,63690.0,-2.87,60.3,7010.0,1.06
2016-06-27,23.32,54520.0,0.26,59.67,4770.0,0.95
2016-06-24,23.26,73460.0,1.57,59.11,8240.0,-1.53
2016-06-23,22.9,63680.0,1.55,60.03,6570.0,-1.46
2016-06-22,22.55,43870.0,0.27,60.92,13320.0,2.58
2016-06-21,22.49,56290.0,-5.35,59.39,9800.0,-0.35
2016-06-20,23.76,55620.0,1.24,59.6,4450.0,0.66
2016-06-17,23.47,59630.0,-2.57,59.21,6720.0,-0.35
2016-06-16,24.09,73150.0,-1.75,59.42,10260.0,0.47
2016-06-15,24.52,74220.0,9.96,59.14,11270.0,3.65
2016-06-14,22.3,65730.0,6.8,57.06,5670.0,-0.66
2016-06-13,20.88,60410.0,-7.9,57.44,10680.0,-4.82
2016-06-08,22.67,75600.0,1.93,60.35,6690.0,-1.49
2016-06-07,22.24,72870.0,2.35,61.26,9000.0,1.85
2016-06-06,21.73,72390.0,9.97,60.15,5870.0,0.25
2016-06-03,19.76,74600.0,1.65,60.0,6270.0,0.13
2016-06-02,19.44,82370.0,3.68,59.92,4920.0,0.3
2016-06-01,18.75,43030.0,9.97,59.74,6950.0,-0.1
2016-05-31,17.05,41410.0,7.03,59.8,8740.0,3.25
2016-05-30,15.93,30160.0,-0.5,57.92,4270.0,0.22
2016-05-27,16.01,30540.0,-3.73,57.79,5900.0,-1.67
2016-05-26,16.63,44790.0,-1.01,58.77,5740.0,-0.59
2016-05-25,16.8,48130.0,0.0,59.12,4200.0,-0.19
2016-05-24,16.8,42890.0,-3.17,59.23,6220.0,-0.34
2016-05-23,17.35,57900.0,4.96,59.43,5160.0,0.56
2016-05-20,16.53,44630.0,-3.11,59.1,3660.0,0.9
2016-05-19,17.06,65740.0,3.52,58.57,3750.0,0.02
2016-05-18,16.48,60620.0,-0.42,58.56,5870.0,-2.95
2016-05-17,16.55,77710.0,-4.28,60.34,5430.0,-0.36
2016-05-16,17.29,97270.0,7.59,60.56,6590.0,2.35
2016-05-13,16.07,95850.0,8.73,59.17,5820.0,-0.57
2016-05-12,14.78,51760.0,7.65,59.51,8250.0,2.06
2016-05-11,13.73,29860.0,-0.44,58.31,6950.0,-0.66
2016-05-10,13.79,47060.0,-5.35,58.7,5660.0,-0.51
2016-05-09,14.57,50620.0,-0.68,59.0,10120.0,-3.59
2016-05-06,14.67,63540.0,-4.49,61.2,10280.0,-3.58
2016-05-05,15.36,43640.0,2.4,63.47,7140.0,-0.13
2016-05-04,15.0,55460.0,-2.15,63.55,9660.0,-1.17
2016-05-03,15.33,66070.0,3.65,64.3,13570.0,0.93
2016-04-29,14.79,69900.0,2.07,63.71,16140.0,2.94
2016-04-28,14.49,54220.0,3.87,61.89,7600.0,-0.71
2016-04-27,13.95,58780.0,4.89,62.33,9150.0,0.48
2016-04-26,13.3,32450.000000000004,2.15,62.03,7290.0,2.11
2016-04-25,13.02,31380.0,-0.61,60.75,8820.0,-1.86
2016-04-22,13.1,39350.0,4.55,61.9,8900.0,-0.37
2016-04-21,12.53,45470.0,-7.73,62.13,15410.0,3.19
2016-04-20,13.58,58610.0,-6.41,60.21,17150.0,-3.57
2016-04-19,14.51,51920.0,0.48,62.44,22860.0,4.03
2016-04-18,14.44,58110.0,2.12,60.02,12590.0,3.06
2016-04-15,14.14,26990.0,0.86,58.24,6520.0,-0.87
2016-04-14,14.02,28950.0,1.59,58.75,6570.0,0.27
2016-04-13,13.8,39420.0,0.36,58.59,11930.0,1.19
2016-04-12,13.75,41790.0,-3.03,57.9,8980.0,0.12
2016-04-11,14.18,44630.0,-0.21,57.83,8470.0,0.23
2016-04-08,14.21,43830.0,-2.34,57.7,7170.0,1.14
2016-04-07,14.55,65660.0,-3.0,57.05,8880.0,-2.23
2016-04-06,15.0,62150.0,2.04,58.35,9670.0,-1.05
2016-04-05,14.7,69770.0,6.68,58.97,14330.0,1.15
2016-04-01,13.78,41040.0,0.36,58.3,5840.0,-0.87
2016-03-31,13.73,59900.0,-2.21,58.81,10190.0,0.02
2016-03-30,14.04,62490.0,9.95,58.8,10420.0,3.39
2016-03-29,12.77,56390.0,-4.49,56.87,14590.0,-2.03
2016-03-28,13.37,66900.0,2.45,58.05,14060.0,1.91
2016-03-25,13.05,47090.0,-1.29,56.96,8140.000000000001,0.85
2016-03-24,13.22,64700.0,-2.15,56.48,9100.0,-1.43
2016-03-23,13.51,43850.0,-0.15,57.3,8250.0,-0.71
2016-03-22,13.53,63850.0,1.96,57.71,13200.0,1.19
2016-03-21,13.27,67900.0,2.47,57.03,14250.0,0.14
2016-03-18,12.95,85300.0,10.03,56.95,15090.0,3.43
2016-03-17,11.77,67720.0,10.0,55.06,14340.0,3.89
2016-03-16,10.7,71790.0,-1.2,53.0,8630.0,-2.65
2016-03-15,10.83,80190.0,8.63,54.44,16140.0,2.08
2016-03-14,9.97,29270.0,6.18,53.33,9780.0,4.04
2016-03-11,9.39,15250.0,-0.84,51.26,4010.0,-0.47
2016-03-10,9.47,21690.0,-3.56,51.5,5210.0,-0.96
2016-03-09,9.82,20750.0,-3.25,52.0,5680.0,-2.09
2016-03-08,10.15,33490.0,4.21,53.11,7780.0,-1.56
2016-03-07,9.74,19670.0,3.07,53.95,6870.0,0.47
2016-03-04,9.45,29650.0,-7.71,53.7,11580.0,0.22
2016-03-03,10.24,31670.0,-0.78,53.58,9780.0,-0.59
2016-03-02,10.32,31030.0,6.17,53.9,11830.0,4.58
2016-03-01,9.72,28770.0,1.46,51.54,8020.0,2.04
2016-02-29,9.58,29810.0,-10.05,50.51,12420.0,-3.51
2016-02-26,10.65,32710.0,0.66,52.35,8840.0,1.06
2016-02-25,10.58,57100.0,-9.18,51.8,21370.0,-5.85
2016-02-24,11.65,30550.0,1.39,55.02,9980.0,0.59
2016-02-23,11.49,30880.0,-2.54,54.7,9920.0,0.35
2016-02-22,11.79,34130.0,2.97,54.51,10920.0,0.41
2016-02-19,11.45,27490.0,0.88,54.29,9330.0,1.95
2016-02-18,11.35,34220.0,-1.73,53.25,6740.0,-1.04
2016-02-17,11.55,32189.999999999996,-0.43,53.81,13000.0,3.32
2016-02-16,11.6,35890.0,4.5,52.08,8000.0,4.16
2016-02-15,11.1,26740.0,0.73,50.0,5210.0,-0.14
2016-02-05,11.02,33880.0,-3.33,50.07,6590.0,-2.23
2016-02-04,11.4,44050.0,5.85,51.21,7160.0,1.59
2016-02-03,10.77,38150.0,3.16,50.41,6680.0,-0.1
2016-02-02,10.44,37530.0,3.88,50.46,10520.0,3.83
2016-02-01,10.05,49960.0,2.45,48.6,11650.0,2.12
2016-01-29,9.81,37300.0,9.98,47.59,10580.0,5.06
2016-01-28,8.92,29490.0,-9.53,45.3,9400.0,-5.98
2016-01-27,9.86,36280.0,-3.33,48.18,13290.0,-3.58
2016-01-26,10.2,37780.0,-9.97,49.97,15160.0,-9.15
2016-01-25,11.33,31240.0,-1.65,55.0,8980.0,-0.29
2016-01-22,11.52,32420.0,2.58,55.16,12300.0,-1.54
2016-01-21,11.23,41680.0,-9.94,56.02,11530.0,-2.98
2016-01-20,12.47,44120.0,-1.73,57.74,11370.0,-1.92
2016-01-19,12.69,39560.0,3.76,58.87,13740.0,2.06
2016-01-18,12.23,42090.0,3.12,57.68,10570.0,-0.64
2016-01-15,11.86,57360.0,-0.08,58.05,10960.0,-3.09
2016-01-14,11.87,48200.0,9.91,59.9,14620.0,4.43
2016-01-13,10.8,42940.0,-6.09,57.36,14900.0,-4.11
2016-01-12,11.5,46440.0,3.42,59.82,15320.0,3.35
2016-01-11,11.12,44210.0,-10.03,57.88,20050.0,-2.61
2016-01-08,12.36,43900.0,-2.98,59.43,20360.0,7.26
2016-01-07,12.74,9410.0,-10.03,55.41,4130.0,-8.29
2016-01-06,14.16,37250.0,2.24,60.42,9880.0,1.8
2016-01-05,13.85,53670.0,-6.42,59.35,16670.0,1.0
2016-01-04,14.8,50870.0,-9.98,58.76,11490.0,-8.76
2015-12-31,16.44,73330.0,3.53,64.4,14370.0,-2.42
2015-12-30,15.88,36450.0,-1.49,66.0,22370.0,2.25
2015-12-29,16.12,45830.0,4.2,64.55,19500.0,3.88
2015-12-28,15.47,46630.0,-3.79,62.14,12620.0,-2.06
2015-12-25,16.08,47320.0,1.45,63.45,10090.0,-0.03
2015-12-24,15.85,47090.0,1.54,63.47,21160.0,2.32
2015-12-23,15.61,52760.0,1.83,62.03,9620.0,-1.26
2015-12-22,15.33,31400.0,1.32,62.82,10420.0,-0.32
2015-12-21,15.13,39660.0,-3.2,63.02,18470.0,-1.21
2015-12-18,15.63,63800.0,3.78,63.79,13950.0,-0.02
2015-12-17,15.06,44670.0,2.73,63.8,14680.0,1.43
2015-12-16,14.66,34550.0,-2.14,62.9,7700.0,0.54
2015-12-15,14.98,40900.0,0.81,62.56,10240.0,0.9
2015-12-14,14.86,33590.0,1.09,62.0,8180.0,0.67
2015-12-11,14.7,55520.0,-7.14,61.59,9990.0,-1.33
2015-12-10,15.83,79060.0,-7.48,62.42,13100.0,-0.73
2015-12-09,17.11,118130.0,7.54,62.88,21070.0,4.28
2015-12-08,15.91,86810.0,3.31,60.3,10440.0,-2.84
2015-12-07,15.4,66410.0,5.48,62.06,9510.0,0.39
2015-12-04,14.6,42700.0,-2.73,61.82,10910.0,-2.32
2015-12-03,15.01,49710.0,4.09,63.29,11600.0,0.27
2015-12-02,14.42,43900.0,1.98,63.12,12070.0,1.89
2015-12-01,14.14,53700.0,-8.06,61.95,9090.0,-1.16
2015-11-30,15.38,67640.0,7.78,62.68,20320.0,3.95
2015-11-27,14.27,57960.0,-9.45,60.3,20140.0,-5.38
2015-11-26,15.76,71540.0,-1.07,63.73,15630.0,-2.13
2015-11-25,15.93,62060.0,1.85,65.12,15710.0,0.95
2015-11-24,15.64,57490.0,1.03,64.51,18730.0,-0.6
2015-11-23,15.48,100790.0,-7.75,64.9,17160.0,-2.55
2015-11-20,16.78,170500.0,0.24,66.6,16940.0,-2.63
2015-11-19,16.74,136190.0,9.99,68.4,17530.0,3.35
2015-11-18,15.22,147270.0,-5.05,66.18,18790.0,-2.5
2015-11-17,16.03,91480.0,10.02,67.88,30250.0,-2.32
2015-11-16,14.57,8150.0,9.96,69.49,19530.0,-1.71
2015-11-13,13.25,1500.0,10.05,70.7,40240.0,0.14
2015-11-12,12.04,1480.0,9.95,70.6,32240.000000000004,2.62
2015-10-23,10.95,46120.0,2.43,62.69,30170.0,2.03
2015-10-22,10.69,34010.0,5.32,61.44,30610.0,2.83
2015-10-21,10.15,54700.0,-9.54,59.75,33840.0,-9.77
2015-10-20,11.22,34270.0,-1.23,66.22,32790.0,-0.66
2015-10-19,11.36,56680.0,4.99,66.66,32340.000000000004,10.0
2015-10-16,10.82,39920.0,-0.46,60.6,20010.0,0.41
2015-10-15,10.87,35200.0,3.13,60.35,17020.0,2.9
2015-10-14,10.54,32820.0,-3.48,58.65,17020.0,-2.99
2015-10-13,10.92,43600.0,4.5,60.46,20000.0,1.68
2015-10-12,10.45,42930.0,6.74,59.46,43400.0,-2.43
2015-10-09,9.79,41540.0,0.31,60.94,14960.0,0.43
2015-10-08,9.76,43970.0,10.03,60.68,24580.0,1.12
2015-09-30,8.87,25440.0,-1.11,60.01,15350.0,-1.75
2015-09-29,8.97,30000.0,0.56,61.08,13060.0,-1.17
2015-09-28,8.92,19860.0,5.44,61.8,17540.0,5.6
2015-09-25,8.46,23630.0,-5.47,58.52,17610.0,1.25
2015-09-24,8.95,29630.0,-1.21,57.8,16079.999999999998,-2.05
2015-09-23,9.06,46000.0,3.42,59.01,23490.0,6.82
2015-09-22,8.76,34970.0,0.57,55.24,11130.0,-1.48
2015-09-21,8.71,30430.0,5.32,56.07,15050.0,1.61
2015-09-18,8.27,34830.0,-0.24,55.18,18440.0,4.41
2015-09-17,8.29,52290.0,5.07,52.85,24130.0,1.89
2015-09-16,7.89,24750.0,10.04,51.87,13520.0,10.01
2015-09-15,7.17,25020.0,-9.92,47.15,9770.0,-1.46
2015-09-14,7.96,35340.0,-9.95,47.85,13340.0,-9.46
2015-09-11,8.84,24840.0,-0.67,52.85,9330.0,0.28
2015-09-10,8.9,45390.0,1.48,52.7,13480.0,-5.05
2015-09-09,8.77,54800.0,4.16,55.5,22120.0,7.14
2015-09-08,8.42,29390.0,6.99,51.8,14840.0,8.62
2015-09-07,7.87,39640.0,0.0,47.69,12880.0,4.13
2015-09-02,7.87,36640.0,-10.06,45.8,13590.0,-7.64
2015-09-01,8.75,21470.0,-9.98,49.59,19670.0,-0.52
2015-08-31,9.72,33440.0,-10.0,49.85,17860.0,-2.27
2015-08-28,10.8,75450.0,3.25,51.01,23100.0,4.51
2015-08-27,10.46,1530.0,-9.98,48.81,20980.0,10.01
2015-08-19,11.62,30920.0,3.11,58.48,16660.0,1.21
2015-08-18,11.27,30150.0,-9.98,57.78,17190.0,-10.0
2015-08-17,12.52,30320.0,4.77,64.2,10950.0,0.71
2015-08-14,11.95,27100.0,-2.61,63.75,13440.0,-0.14
2015-08-13,12.27,30500.0,6.88,63.84,13160.0,2.98
2015-08-12,11.48,32009.999999999996,-3.37,61.99,17420.0,-5.65
2015-08-11,11.88,41630.0,-1.0,65.7,20460.0,-1.66
2015-08-10,12.0,35160.0,5.08,66.81,23220.0,2.78
2015-08-07,11.42,47840.0,3.72,65.0,33840.0,-0.61
2015-08-06,11.01,23410.0,9.99,65.4,36040.0,10.01
2015-08-05,10.01,22480.0,-0.1,59.45,20050.0,-0.35
2015-08-04,10.02,19300.0,8.32,59.66,26200.0,3.25
2015-08-03,9.25,23490.0,-9.93,57.78,25000.0,3.92
2015-07-31,10.27,20300.0,-0.96,55.6,22470.0,7.34
2015-07-30,10.37,29640.0,-4.34,51.8,16239.999999999998,-5.44
2015-07-29,10.84,27340.0,7.22,54.78,19990.0,10.0
2015-07-28,10.11,43070.0,-8.01,49.8,20430.0,-0.46
2015-07-27,10.99,30100.0,-10.07,50.03,18120.0,-10.0
2015-07-24,12.22,35030.0,-1.85,55.59,18690.0,-1.75
2015-07-23,12.45,30510.0,9.5,56.58,16700.0,1.84
2015-07-22,11.37,27600.0,-1.39,55.56,15650.0,1.35
2015-07-21,11.53,34980.0,8.67,54.82,15410.0,-0.31
2015-07-20,10.61,41030.0,3.51,54.99,19200.0,-1.01
2015-07-17,10.25,33970.0,6.33,55.55,18340.0,6.44
2015-07-16,9.64,45740.0,2.88,52.19,18400.0,3.18
2015-07-15,9.37,28090.0,-10.08,50.58,24040.0,-10.0
2015-07-14,10.42,74020.0,10.03,56.2,33040.0,-5.51
2015-07-13,9.47,27530.0,9.99,59.48,34800.0,10.01
2015-07-10,8.61,16620.0,9.96,54.07,20640.0,10.01
2015-07-07,7.83,2250.0,-9.9,46.99,43620.0,-7.41
2015-07-06,8.69,34730.0,-10.04,50.75,29930.0,2.42
2015-07-03,9.66,20060.0,-9.97,49.55,27530.0,0.57
2015-07-02,10.73,22590.0,-10.21,49.27,25550.0,-7.02
2015-07-01,11.95,26750.0,-10.02,52.99,24570.0,-4.06
2015-06-30,13.28,31260.0,4.24,55.23,29600.0,10.0
2015-06-29,12.74,18230.0,-9.96,50.21,23960.0,-10.0
2015-06-26,14.15,14870.0,-10.04,55.79,20230.0,-10.0
2015-06-25,15.73,16700.0,0.0,61.99,15840.0,-2.5
2015-06-24,15.73,13040.0,0.51,63.58,18300.0,0.73
2015-06-23,15.65,11250.0,0.97,63.12,19700.0,1.97
2015-06-19,15.5,16990.0,-4.91,61.9,20490.0,-8.49
2015-06-18,16.3,15130.0,-5.07,67.64,20120.0,-4.6
2015-06-17,17.17,17270.0,2.69,70.9,18420.0,-2.7
2015-06-16,16.72,18340.0,-6.8,72.87,14300.0,-3.83
2015-06-15,17.94,23380.0,-7.67,75.77,30310.0,1.16
2015-06-12,19.43,16340.0,0.47,74.9,20610.0,1.22
2015-06-11,19.34,29250.0,7.21,74.0,19470.0,-2.41
2015-06-10,18.04,22720.0,5.25,75.83,27090.0,2.28
2015-06-09,17.14,17510.0,0.76,74.14,18440.0,-1.08
2015-06-08,17.01,31020.0,-3.46,74.95,27890.0,-5.71
2015-06-05,17.62,33320.0,0.74,79.49,41700.0,-4.92
2015-06-04,17.49,22300.0,-3.26,83.6,26620.0,10.0
2015-06-03,18.08,24930.0,-3.47,,,
2015-06-02,18.73,21500.0,6.78,,,
2015-06-01,17.54,25030.0,4.84,,,
2015-05-29,16.73,28200.0,5.35,,,
2015-05-28,15.88,24960.0,-9.72,,,
2015-05-27,17.59,38880.0,3.84,,,
2015-05-26,16.94,29830.0,1.86,,,
2015-05-25,16.63,38970.0,4.99,,,
2015-05-22,15.84,32759.999999999996,-2.1,76.0,35230.0,4.38
2015-05-21,16.18,36490.0,9.99,72.81,25880.0,10.0
2015-05-20,14.71,49060.0,7.53,66.19,27570.0,2.52
2015-05-19,13.68,25790.0,2.32,64.56,25300.0,3.3
2015-05-18,13.37,21780.0,0.22,62.5,20800.0,2.76
2015-05-15,13.34,21540.0,-3.12,60.82,14810.0,-3.08
2015-05-14,13.77,32100.0,6.91,62.75,15380.0,-0.6
2015-05-13,12.88,30180.0,-4.8,63.13,17680.0,-2.12
2015-05-12,13.53,29660.0,-46.84,64.5,24120.0,2.23
2015-05-11,25.45,17020.0,4.39,63.09,24880.0,6.03
2015-05-08,24.38,13230.0,10.02,59.5,13360.0,1.28
2015-05-07,22.16,8540.0,-7.12,58.75,11220.0,1.03
2015-05-06,23.86,13000.0,1.92,58.15,13000.0,-0.41
2015-05-05,23.41,9500.0,-3.74,58.39,15860.0,-4.89
2015-05-04,24.32,17290.0,5.56,61.39,18620.0,2.32
2015-04-30,23.04,15630.0,-0.69,60.0,16200.0,-1.94
2015-04-29,23.2,16079.999999999998,3.43,61.19,22240.0,2.82
2015-04-28,22.43,14120.0,-5.56,59.51,38540.0,-5.51
2015-04-27,23.75,16140.0,-2.14,,,
2015-04-24,24.27,14050.0,-1.94,,,
2015-04-23,24.75,22570.0,4.25,62.98,44090.0,10.01
2015-04-22,23.74,26960.0,-0.63,57.25,15580.0,2.03
2015-04-21,23.89,28480.0,9.54,56.11,12770.0,2.39
2015-04-20,21.81,25600.0,0.51,54.8,16910.0,-4.11
2015-04-17,21.7,15430.0,-1.59,57.15,16320.0,-0.95
2015-04-16,22.05,11790.0,2.65,57.7,15080.0,3.04
2015-04-15,21.48,16420.0,-5.5,56.0,12810.0,-1.84
2015-04-14,22.73,15270.0,-1.26,57.05,16040.0,-3.63
2015-04-13,23.02,17380.0,1.05,59.2,21570.0,4.04
2015-04-10,22.78,15750.0,2.84,56.9,15970.0,1.61
2015-04-09,22.15,18350.0,-1.38,56.0,22490.0,-3.25
2015-04-08,22.46,19060.0,-2.81,57.88,22120.0,-4.16
2015-04-07,23.11,21580.0,1.36,60.39,19310.0,-1.56
2015-04-03,22.8,23240.0,5.26,61.35,30810.0,2.52
2015-04-02,21.66,36930.0,0.79,59.84,46840.0,3.82
2015-04-01,21.49,25270.0,6.97,57.64,33650.0,10.0
2015-03-31,20.09,21050.0,-2.9,52.4,18740.0,-0.59
2015-03-30,20.69,27210.0,4.02,52.71,18490.0,-0.26
2015-03-27,19.89,19450.0,4.68,52.85,19540.0,-2.53
2015-03-26,19.0,22650.0,-4.9,54.22,29590.0,3.89
2015-03-25,19.98,29540.0,1.47,52.19,21330.0,-2.27
2015-03-24,19.69,32560.000000000004,4.73,53.4,27860.0,0.55
2015-03-23,18.8,23690.0,0.75,53.11,19660.0,0.59
2015-03-20,18.66,22460.0,3.09,52.8,21850.0,-2.0
2015-03-19,18.1,25390.0,4.02,53.88,26300.0,0.99
2015-03-18,17.4,17570.0,0.87,53.35,26990.0,3.59
2015-03-17,17.25,20260.0,1.05,51.5,22350.0,0.7
2015-03-16,17.07,21280.0,3.58,51.14,20110.0,2.32
2015-03-13,16.48,17840.0,3.13,49.98,17510.0,1.75
2015-03-12,15.98,8620.0,2.7,49.12,19380.0,-1.76
2015-03-11,15.56,7530.0,-2.14,50.0,18830.0,-2.34
2015-03-10,15.9,6840.0,0.7,51.2,21560.0,0.0
2015-03-09,15.79,6630.0,-0.69,51.2,25920.0,-2.1
2015-03-06,15.9,14710.0,-4.39,52.3,51450.0,-8.55
2015-03-05,16.63,23630.0,5.45,57.19,37250.0,10.0
2015-03-04,15.77,10440.0,0.06,51.99,29900.0,1.23
2015-03-03,15.76,13970.0,-1.5,51.36,32860.0,-0.81
2015-03-02,16.0,13220.0,1.91,51.78,50260.0,2.37
2015-02-27,15.7,9950.0,0.32,50.58,36840.0,2.64
2015-02-26,15.65,14470.0,2.83,49.28,33070.0,-1.22
2015-02-25,15.22,9550.0,-2.37,49.89,50830.0,-1.05
2015-02-17,15.59,21430.0,2.9,50.42,35040.0,9.99
2015-02-16,15.15,14290.0,5.43,45.84,37750.0,10.01
2015-02-13,14.37,5370.0,1.7,41.67,36940.0,10.01
2015-02-12,14.13,3450.0,0.57,37.88,10280.0,3.47
2015-02-11,14.05,3050.0,0.36,36.61,7140.0,-1.43
2015-02-10,14.0,3240.0,2.19,37.14,5960.0,2.51
2015-02-09,13.7,2960.0,-1.15,36.23,4800.0,0.0
2015-02-06,13.86,4460.0,-3.35,36.23,10960.0,-3.98
2015-02-05,14.34,5620.0,0.07,37.73,6960.0,-1.41
2015-02-04,14.33,3580.0,-0.49,38.27,9160.0,-1.19
2015-02-03,14.4,3860.0,1.62,38.73,5870.0,0.68
2015-02-02,14.17,4059.9999999999995,-0.49,38.47,5250.0,0.55
2015-01-30,14.24,4750.0,-2.53,38.26,10190.0,-3.77
2015-01-29,14.61,5400.0,-2.08,39.76,9240.0,-1.58
2015-01-28,14.92,11230.0,0.61,40.4,10890.0,1.0
2015-01-27,14.83,9290.0,0.47,40.0,10640.0,-0.25
2015-01-26,14.76,7790.0,2.5,40.1,9530.0,-0.02
2015-01-23,14.4,6330.0,-0.83,40.11,14150.0,0.75
2015-01-22,14.52,9500.0,0.97,39.81,9530.0,0.84
2015-01-21,14.38,11120.0,1.34,39.48,9250.0,1.36
2015-01-20,14.19,9360.0,4.11,38.95,8750.0,1.67
2015-01-19,13.63,7820.0,-2.15,38.31,10800.0,-3.18
2015-01-16,13.93,5150.0,0.51,39.57,7270.0,1.25
2015-01-15,13.86,5490.0,-1.21,39.08,5960.0,-1.01
2015-01-14,14.03,5030.0,-0.85,39.48,6990.0,-2.08
2015-01-13,14.15,5770.0,-0.07,40.32,13330.0,2.13
2015-01-12,14.16,7500.0,2.46,39.48,11350.0,2.71
2015-01-09,13.82,6600.0,0.14,38.44,8520.0,-0.18
2015-01-08,13.8,5710.0,0.36,38.51,6890.0,-1.1
2015-01-07,13.75,6430.0,-1.01,38.94,11170.0,-3.45
2015-01-06,13.89,9860.0,3.81,40.33,13890.0,0.17
2015-01-05,13.38,12570.0,-3.6,40.26,19210.0,5.53
2015-11-11,,,,68.8,26530.0,-1.43
2015-11-10,,,,69.8,26070.0,-2.51
2015-11-09,,,,71.6,35280.0,5.68
2015-11-06,,,,67.75,25140.0,0.67
2015-11-05,,,,67.3,26720.0,-3.72
2015-11-04,,,,69.9,30880.0,6.73
2015-11-03,,,,65.49,20030.0,2.87
2015-11-02,,,,63.66,21750.0,-5.13
2015-10-30,,,,67.1,18320.0,-2.6
2015-10-29,,,,68.89,18830.0,0.12
2015-10-28,,,,68.81,30970.0,0.67
2015-10-27,,,,68.35,29530.0,-0.88
2015-10-26,,,,68.96,63350.0,10.0
2015-08-26,,,,44.37,24750.0,9.99
2015-08-25,,,,40.34,20030.0,-10.0
2015-08-24,,,,44.82,16120.000000000002,-10.0
2015-08-21,,,,49.8,16610.0,-8.46
2015-08-20,,,,54.4,11170.0,-6.98
2015-07-09,,,,49.15,23040.0,10.0
2015-07-08,,,,44.68,50930.0,-4.92
